id,treat,participate,baseline,outcome_post
4835,0,0,0,10.230833
4836,1,0,5.0784616,2.6341667
4837,1,1,239.10461,154.87418
4838,1,0,29.418573,0
4839,0,0,0,0
4840,1,0,3.0769231,5.8416667
4841,0,0,1777.0953,1970.4209
4842,1,1,146.15616,51.754169
4848,1,1,13.355385,22.701666
4849,1,1,45.976154,443.05002
4850,1,0,599.03229,242.11166
4853,1,1,42.308182,1.6799999
4856,1,1,311.48691,314.46918
4857,0,0,75.099167,0
4860,1,1,50.57,14.815833
4861,0,0,6.1253843,0
4862,1,0,36.366924,111.46333
4863,1,0,192.16539,114.3625
4864,1,1,255.72615,696.53918
4865,1,0,1251.5463,1474.8741
4866,1,0,214.87308,2598.7424
4867,0,0,1715.4938,253.26584
4868,1,0,123.57692,250.49916
4869,0,0,98.058456,55.504166
4870,1,0,720.25385,922.04333
4871,1,1,4122.7686,5243.8877
4872,1,1,3325.1362,391.94
4874,0,0,111.23923,104.13667
4875,1,1,497.38461,592.58252
4877,1,1,48.306152,146.25833
4878,1,1,290.41385,534.44086
4879,1,0,1118.9576,4
4880,1,1,1002.1131,967.20416
4882,0,0,0,624.23999
4884,1,0,257.20386,339.9975
4886,1,0,1761.823,1993.9301
4887,1,1,0,0
4888,1,0,159.57922,45.436665
4889,1,1,1833.1277,1554.8208
4891,0,0,2399.4246,768.64581
4892,1,0,46.430771,0
4893,1,1,1230.1846,3593.2266
4894,0,0,44.686153,45.146667
4896,0,0,4.1815386,16.059999
4898,1,1,877.76617,1352.3134
4899,0,0,168.77077,95.812508
4900,1,0,19941.533,991.90167
4901,0,0,101.82769,280.17499
4902,0,0,597.39697,122.6075
4908,1,0,367.70154,402.98334
4909,1,1,203.75462,154.28271
4910,1,1,886.41693,296.56253
4912,1,1,86.261536,35.154999
4913,0,0,845.9754,215.71916
4914,1,1,622.87079,400.32416
4915,1,1,162.41539,51.305
4918,1,1,87.917694,65.388336
4919,1,0,307.52768,840.25421
4920,1,1,506.16309,583.24585
4921,0,0,1.4292308,250.51166
4922,0,0,75.854614,101.065
4925,1,1,51.623077,5
4928,1,1,167.19307,118.9875
4929,1,1,482.00461,461.87668
4931,0,0,21.672306,48.279167
4934,1,1,38.934288,79.569168
4937,0,0,289.15155,1130.3328
4938,1,0,47.221539,12.375
4941,0,0,1492.8762,1713.9159
4942,1,0,0,26.049166
4943,1,0,0,398.995
4945,0,0,0,0
4946,1,1,0,0
4948,1,0,232.79616,342.4675
4949,1,0,0,0
4951,1,0,9.1274996,527.03998
4952,1,1,124.02222,67.515831
4953,1,1,228.98,431.78583
4954,1,1,60.643848,695.77502
4955,1,0,2344.9661,1235.1659
4956,0,0,164.45616,287.95801
4957,0,0,3.46,225.31583
4958,1,0,65.566154,82.705833
4959,1,1,803.73083,606.42413
4961,1,1,157.14923,283.91583
4962,0,0,72.809998,1107.9225
4963,1,0,0,0
4968,0,0,1130.1508,832.31915
4969,0,0,92.837692,313.64749
4970,1,0,16.861538,0
4972,1,0,86.839996,136.70334
4973,1,1,82.598457,0
4974,0,0,366.42923,1217.7434
4976,0,0,1057.2546,562.43335
4977,1,0,96.345383,302.39334
4978,0,0,114.43153,23.790001
4983,1,1,3939.8262,5342.3184
4984,0,0,0,42.938332
4985,1,1,218.87001,154.45001
4986,0,0,253.52615,1956.9767
4987,1,0,0,85.414993
4989,1,1,67.768463,255.815
4990,0,0,389.98923,1168.46
4991,1,1,245.84616,72.381668
4992,0,0,92.876923,91.852501
4994,1,1,512.36542,259.55667
4995,0,0,175.93384,209.44083
4996,1,0,60.756153,21.948334
4997,0,0,1127.3253,386.16418
4998,1,0,1529.8231,2252.866
4999,1,0,1164.2654,581.69916
5000,0,0,790.91388,816.61584
5001,1,1,10.826923,214.34
5002,1,1,179.82616,89.875008
5003,1,1,943.37616,1077.8334
5004,1,0,140.76768,34032.781
5005,1,1,333.35693,189.56833
5006,1,1,35.684616,47.211666
5007,1,1,82.066917,172.215
5008,1,1,6.1576924,16.036667
5009,0,0,922.43457,1247.8558
5010,1,1,320.70462,390.59082
5012,0,0,0,0
5013,1,1,0,195.11
5015,1,0,76.803078,82.371666
5016,0,0,7212.0161,257.77332
5017,1,1,357.25769,320.00916
5018,1,1,92.516922,238.04167
5020,1,1,0,39.202499
5021,0,0,256.27335,1031.835
5022,1,1,382.26077,14285.824
5023,1,1,1833.4923,1095.9233
5024,1,0,0,0
5025,1,1,6.8075004,17.684166
5027,1,1,1091.9246,659.47333
5028,0,0,229.24077,378.69669
5029,1,1,1147.387,248.12167
5031,1,1,148.42693,0
5032,1,1,169.11232,56.880001
5033,0,0,78.666153,56.481251
5034,1,1,445.76077,491.34
5035,1,1,1388.5085,1112.1917
5041,1,0,1820.4215,2706.7383
5042,1,1,840.4577,1869.1108
5043,1,1,31.023077,1103.5007
5044,1,1,1023.8162,657.39667
5045,0,0,7298.7808,4998.3188
5047,0,0,0,305.68665
5049,1,1,0,0
5050,0,0,275.19461,481.94916
5051,0,0,261.03384,48.246666
5052,1,1,48.989998,295.0025
5058,0,0,291.97693,538.48499
5061,0,0,382.93332,234.84
5062,1,0,1636.3907,276.1875
5063,0,0,345.83307,486.93417
5065,1,1,136.91769,413.94501
5066,1,1,976.56464,580.70667
5067,1,1,0,90.77417
5068,0,0,4128.3003,4202.8667
5069,0,0,238.41383,836.05334
5073,0,0,807.9469,397.64334
5074,1,1,72.446152,120.84583
5075,0,0,0,0
5076,0,0,24.764614,26.309999
5078,1,1,232.87308,199.81917
5079,1,1,95.432503,237.34332
5080,0,0,3953.2253,4745.5767
5081,1,0,851.62152,802.24414
5082,1,0,84.156662,0
5084,1,1,108.49308,135.0475
5087,0,0,323.93768,61.590832
5088,0,0,181.72769,192.57167
5091,0,0,1233.0599,514.6391
5093,1,1,833.07611,347.42166
5094,1,0,85.826157,2243.0283
5095,1,1,73.78231,168.86084
5096,1,1,0,0
5097,1,1,0,0
5100,0,0,79.058464,41.256664
5101,1,0,115.41077,190.01917
5103,1,0,0,0
5104,1,1,1027.3131,508.9425
5106,1,1,1574.5962,400.07584
5108,1,0,141.90384,1679.2251
5111,0,0,237.39539,1203.5009
5112,1,1,0,208.9175
5113,0,0,136.77539,361.74249
5118,0,0,97.434616,39.748333
5119,0,0,168.40846,493.54416
5120,0,0,0,60.293331
5122,0,0,263.69461,11.495
5123,1,0,772.54071,1439.59
5125,0,0,80.046921,184.59166
5126,1,1,142.80539,362.61917
5127,1,0,185.36385,321.98666
5128,0,0,219.82922,117.78833
5129,1,0,374.8811,361.07416
5130,1,0,343.06152,334.25
5131,1,1,508.83615,415.02249
5132,1,1,4062.0554,2778.8608
5136,1,1,10.615385,1056.585
5137,1,1,249.27307,321.45581
5138,1,1,2029.6085,2090.0359
5139,1,1,15.574615,618.95251
5140,0,0,125.64,9.623333
5141,1,1,796.73615,972.22998
5142,1,0,883.84381,1551.9508
5143,1,0,334.16,325.06583
5144,0,0,110.48385,299.41833
5145,0,0,43.415001,0
5146,0,0,1197.1539,635.27753
5147,1,0,88.744614,85.628334
5148,1,0,589.69849,341.77002
5152,0,0,3.5469232,680.45001
5154,1,0,75.059998,23.845001
5155,1,0,2.1492307,0
5156,0,0,1699.8224,117.2725
5159,1,0,299.22845,426.27417
5160,0,0,69.513077,144.35083
5162,0,0,0,0
5163,1,1,56.239235,46.6525
5164,0,0,26.986921,70.130836
5166,1,0,115.59615,0
5167,0,0,10233.54,11624.213
5170,0,0,0,0
5171,1,0,53.98077,34.75
5172,0,0,2.0146155,30.960836
5173,1,1,89.283844,51.010834
5175,1,1,1075.23,1620.5316
5176,1,1,42.425385,428.62915
5177,0,0,435.22003,93.466667
5181,0,0,81.850769,198.45583
5183,1,0,124.42308,23.4175
5184,1,0,18.917692,39.545834
5186,1,0,323.27155,316.2775
5191,1,1,388.74231,355.82416
5192,1,0,0,0
5193,1,1,341.53156,232.26083
5194,1,1,58.878464,211.74333
5196,1,1,64.840004,1143.8167
5197,1,0,297.02231,475.34583
5198,1,0,55.35091,2.02
5199,1,1,47.156155,130.34418
5201,1,1,199.79768,142.16251
5203,1,0,90.012306,0
5206,1,0,3341.03,35.926666
5211,1,1,81.75,971.1275
5213,1,0,5926.751,7123.5005
5214,0,0,678.49615,322.97751
5217,0,0,538.89612,321.09085
5218,1,0,457.90768,610.84833
5220,0,0,230.45999,314.17999
5221,1,1,6500.1938,7310.5
5224,1,1,170.99385,875.59668
5227,1,0,73.416153,0
5228,1,0,57.029167,1183.3099
5230,1,0,670.44305,101.74084
5231,0,0,26.059999,26.776665
5232,1,1,27.389999,8.0366669
5235,0,0,36.754616,132.75
5236,1,1,68.952309,0
5237,0,0,152.46846,217.03999
5238,0,0,45.61692,12.294167
5239,0,0,278.84845,145.60417
5240,0,0,1099.6592,1122.8641
5242,0,0,671.82153,217.16917
5243,1,0,0,26.640835
5244,0,0,112.89616,142.89084
5245,0,0,.23076923,0
5247,1,0,58.226921,338.29333
5248,0,0,2400.1116,3532.8093
5249,1,1,450.26846,1312.86
5251,1,1,553.28845,1725.8392
5252,0,0,0,0
5253,1,1,393.43231,116.3275
5254,1,1,722.55994,432.82501
5255,0,0,300.41769,144.66251
5256,1,1,2192.6355,1719.2059
5257,1,1,691.72461,2032.4052
5258,1,1,1343.5862,1687.5409
5259,1,1,10.894616,34.682499
5260,1,0,0,66.674995
5261,1,0,3898.2839,3955.8459
5263,1,0,37.719231,0
5264,0,0,100.86692,164.62917
5265,1,1,113.86692,0
5266,1,0,562.98309,674.90082
5269,1,0,301.92154,174.04416
5271,1,1,132.89999,72.059998
5273,0,0,457.75153,591.08081
5276,0,0,0,0
5277,1,1,70.911537,78.442505
5278,1,0,0,0
5280,1,1,57.979229,62.356667
5281,1,1,286.35001,214.23999
5282,0,0,286.7677,375.85251
5283,1,0,85.163078,1187.05
5284,1,0,642.62921,76.695
5289,1,1,642.03845,319.85916
5290,0,0,36.825386,52.100906
5292,1,1,1178.4985,176.83916
5294,1,1,232.23769,197.85666
5295,1,0,41.996155,156.08
5296,1,0,2568.8091,2345.4724
5298,1,0,216.51846,495.14273
5299,1,0,1007.7292,784.31415
5300,0,0,1852.0739,1722.8766
5302,1,0,129.28308,211.22417
5303,1,0,24.299232,110.99834
5304,1,0,114.32384,53.941666
5305,1,1,0,9.8891668
5306,0,0,52.704617,457.63168
5307,0,0,50.716927,101.45583
5311,1,1,37.335384,38.065834
5312,1,1,380.30078,477.4075
5313,1,0,801.10919,603.14252
5317,0,0,222.49846,85.707497
5319,0,0,59.309227,477.41583
5320,1,1,319.61923,1432.8149
5322,1,1,6.3730769,6.9658332
5323,1,1,136.82846,114.41333
5324,0,0,978.02771,2429.71
5326,0,0,479.06769,249.66251
5328,1,1,1117.6,216.95401
5329,0,0,453.15308,265.94125
5331,1,0,4906.9546,7294.7622
5332,0,0,210.60538,149.97667
5335,1,1,84.258461,23.894999
5337,1,0,.89333332,9.980834
5338,0,0,467.40152,349.70499
5339,0,0,775.60925,1200.3883
5342,0,0,3458.9045,0
5343,0,0,646.72461,301.73499
5345,1,0,327.01999,227.33917
5346,1,1,55.57,199.39999
5348,0,0,111.26615,285.10498
5350,1,1,2382.1045,1181.9884
5352,1,1,1177.0546,191.75
5353,1,1,142.26001,1018.7742
5354,1,0,385.96078,339.38168
5355,0,0,4723.8633,2276.9775
5357,1,1,34.830769,39.954163
5359,1,1,345.14923,120.8725
5360,0,0,675.38995,1137.1925
5361,1,1,58.278461,155.89751
5362,1,1,1537.0784,396.75165
5363,0,0,562.02155,1219.88
5365,0,0,1354.2085,549.04584
5366,1,1,35.106922,51.815834
5367,1,1,593.14923,193.83749
5369,1,1,839.95459,164.52167
5370,1,1,0,0
5371,1,1,3.3338461,3.3333333
5372,1,1,41.062309,59.150002
5373,1,0,74.005386,290.97751
5374,1,1,1390.4069,2062.4575
5375,1,1,114.63538,1305.2441
5377,1,1,206.55153,369.45331
5378,1,1,147.50999,19.885
5379,0,0,255.03923,1176.1801
5380,1,0,127.08693,5.6624999
5381,0,0,0,72.115837
5383,1,1,61.103077,256.68665
5385,1,1,1035.0347,2104.1592
5386,1,1,1119.5992,223.27501
5387,1,0,189.64307,25.258333
5388,1,1,624.71844,530.87415
5389,0,0,12.835384,46.938335
5391,1,1,593.50385,2304.4368
5392,0,0,1693.2007,504.54333
5393,1,1,29.562307,67.854996
5394,1,0,1490.2523,629.82416
5398,0,0,.70923078,0
5399,1,1,189.98923,.29166666
5403,1,0,123.80769,344.76749
5404,0,0,326.03845,472.27832
5405,1,0,442.65536,584.5083
5406,1,1,272.43924,2225.9634
5409,1,0,186.99693,1081.6718
5410,1,0,29.117691,128.44417
5411,1,0,0,0
5413,0,0,63.821537,379.42752
5414,1,0,36.079231,0
5415,1,1,19.685385,3.3333333
5417,1,0,300.52155,350.35165
5418,1,0,2024.5499,6815.6113
5419,1,1,110.05308,1076.3116
5420,1,0,976.97076,588.20581
5422,0,0,101.80461,38.960835
5423,1,1,220.55923,226.41
5425,1,0,0,152.78999
5426,1,0,193.95154,312.23334
5429,1,1,156.60153,51.357498
5430,0,0,547.4646,1099.3259
5432,1,1,4489.7295,2224.7058
5434,1,1,671.72156,239.07333
5435,1,1,78.983849,120.04749
5436,0,0,744.20691,672.02917
5437,1,0,145.70692,0
5438,1,1,2300.5186,952.90918
5439,1,1,374.25232,699.0675
5440,1,0,392.97232,16.463333
5441,0,0,59.822308,76.568336
5442,1,1,134.94923,115.30583
5443,1,1,1008.0308,837.73999
5444,1,0,202.05615,70.157501
5445,1,1,68.505386,516.11169
5446,1,0,346.70923,251.76083
5447,0,0,271.74075,282.17084
5448,1,0,68.71077,251.88416
5450,1,0,373.18616,1310.0459
5453,1,1,2625.5161,1321.7058
5457,1,0,2114.333,479.72168
5459,0,0,333.39999,4018.8716
5460,1,0,0,1.765
5461,1,0,56.467693,90.623329
5464,0,0,0,11.751667
5466,1,1,0,0
5467,1,0,0,430.08167
5468,0,0,210.423,14.290833
5469,0,0,1159.48,1733.3092
5470,1,1,355.57001,1029.12
5473,1,1,122.44154,26.900833
5476,1,1,2.5992308,47.25
5477,0,0,114.88538,105.76666
5479,1,0,75.744614,104.63834
5481,1,0,240.80461,892.29919
5485,0,0,639.58228,47.634998
5486,0,0,41.969231,473.44083
5488,0,0,376.59616,25.427502
5489,0,0,54.982307,68.397003
5490,1,1,1064.5815,1729.2942
5491,1,1,287.10617,257.23999
5492,0,0,1902.8047,94.035835
5493,1,0,0,45.610828
5495,1,0,30.858461,157.17
5496,1,1,383.44769,56.821667
5497,1,0,12.773077,2.0833333
5498,1,1,361.71078,342.21835
5500,1,1,435.9931,93.738327
5501,1,0,136.53847,6.8541665
5503,0,0,688.82153,450.22833
5505,1,1,47.413078,0
5508,1,0,0,133.6275
5509,0,0,162.23999,316.57666
5510,0,0,342.75696,151.52251
5511,1,1,202.41692,520.03253
5512,1,1,6.8015385,57.023331
5513,1,0,298.03384,2243.3999
5514,0,0,7.0738459,0
5515,1,1,11.427273,96.999168
5517,0,0,76.401543,121.14833
5518,0,0,429.93848,481.63666
5519,1,1,85.925385,171.86917
5520,1,1,94.478462,76.700829
5521,0,0,1433.54,715.98749
5522,1,0,292.16693,35.57917
5523,1,0,100.60154,82.006668
5525,0,0,344.95462,248.09833
5526,0,0,812.77307,407.83334
5527,1,0,54.716923,18.645832
5528,1,1,77.300766,172.77501
5529,1,1,349.43076,218.45728
5531,1,1,6.4992313,354.83084
5534,0,0,424.5477,302.03915
5538,1,0,134.83,565.09747
5539,1,1,1361.9061,1487.23
5541,0,0,5125.6313,3035.8135
5543,1,0,531.79071,14.148334
5544,1,1,227.86539,249.9225
5545,1,1,199.78923,0
5548,1,0,1630.53,410.03583
5549,1,1,1060.9401,3794.9692
5550,0,0,198.55,420.56818
5552,0,0,130.48154,204.03749
5553,0,0,50.412308,35.154999
5554,1,1,1328.1953,2227.9783
5555,0,0,329.77539,282.17831
5556,1,1,118.90538,0
5557,1,0,116.84,53.069168
5558,1,1,37.309998,9.4499998
5560,0,0,0,247.35417
5561,0,0,293.67847,259.25583
5562,0,0,2950.6799,2100.0491
5563,1,1,825.71539,291.44083
5566,1,1,85.480003,63.510834
5567,1,1,81.536926,19.195
5568,1,0,254.27153,479.9375
5569,1,1,822.07312,423.28
5570,1,1,0,58.530834
5571,1,1,45.889999,50.285835
5573,1,1,1007.2,323.11917
5574,1,0,41.912308,105.90083
5575,1,0,34.068333,6.0666671
5576,0,0,338.20386,1629.4199
5578,1,1,147.58539,83.434166
5579,0,0,0,225.87666
5580,1,0,32.959999,51.571667
5583,1,0,705.34381,421.38416
5584,1,0,206.36539,1104.3708
5585,1,0,372.37921,184.23
5586,1,1,125.57076,152.54083
5587,1,0,54.483078,8.5374994
5588,0,0,107.41889,90.160004
5589,1,0,1445.3761,781.4408
5590,0,0,986.16925,987.22418
5594,1,0,411.28232,488.67917
5595,1,1,391.58847,543.41998
5596,1,0,240.16692,360.20499
5598,1,1,60.169998,92.599167
5601,1,1,493.56537,735.73749
5602,0,0,11.435715,13.333333
5603,1,0,146.92769,167.19583
5604,0,0,30.719999,34.539165
5605,1,1,19.225386,0
5607,0,0,34.700768,31.819166
5608,1,1,171.07462,80.574165
5610,1,0,72.650772,0
5611,1,1,246.70384,378.95999
5613,1,1,449.24768,409.32834
5614,0,0,0,422.89001
5616,0,0,409.87845,1409.0209
5618,0,0,.29692307,45.183334
5619,0,0,166.86154,512.83917
5621,1,1,99.834618,56.408333
5622,1,0,0,80.645454
5623,1,1,482.88232,49.172501
5624,1,0,1625.6261,4112.2783
5625,1,0,0,0
5627,1,1,59.818462,55.262501
5629,1,1,105.47461,111.63416
5630,1,1,968.13843,1224.625
5631,0,0,276.4054,439.60666
5633,0,0,27.770769,393.14667
5636,1,0,80.189995,372
5639,0,0,98.357689,228.23917
5641,1,0,0,79.051666
5644,1,1,190.91615,511.85583
5645,0,0,132.77769,104.96
5647,1,1,152.4977,344.22833
5651,1,1,131.29922,26.818333
5652,1,0,0,0
5653,0,0,315.18384,44.529167
5654,0,0,484.88,135.42
5656,1,1,248.19308,183.31084
5659,1,0,1258.6908,105.825
5660,1,1,4228.3027,3271.7334
5661,1,1,87.686928,0
5664,0,0,96.155388,532.5
5665,1,0,1720.8892,0
5666,1,1,439.55383,259.66583
5668,0,0,367.82922,0
5669,0,0,24.503845,27.652498
5670,1,1,1254.1738,284.78082
5672,1,1,.59076923,2.4591668
5674,0,0,38.85154,64.884171
5676,0,0,0,0
5678,1,1,151.12614,58.561668
5680,0,0,36.579231,1250.6583
5681,0,0,0,0
5682,1,0,0,0
5684,1,1,134.82999,194.86583
5687,1,0,0,0
5688,0,0,51.393074,332.10583
5689,1,1,74.979233,57.059166
5690,1,0,22.87923,18.9125
5692,0,0,2444.8015,213.96251
5694,1,0,0,1.12
5696,1,0,88.780769,14.436667
5699,1,1,512.92767,5391.7407
5703,1,0,344.75845,617.05414
5705,0,0,0,0
5707,1,1,350.77615,1479.1967
5708,1,1,367.70847,0
5709,1,0,0,0
5711,1,1,704.20691,3850.8633
5713,1,1,71.53923,640.48749
5714,1,1,657.40308,343.43918
5715,1,0,13.038461,193.27415
5719,1,1,965.48077,1476.8442
5721,1,1,0,3.3333333
5722,1,1,173.40143,605.17999
5723,1,0,42.866924,32.190834
5724,0,0,506.46387,1014.03
5725,1,0,0,28.799166
5727,0,0,184.24231,233.07916
5729,0,0,308.55615,1204.6825
5732,0,0,704.52417,264.46585
5734,1,1,53.944618,33.519169
5735,0,0,412.15924,0
5736,1,1,110.96154,145.42583
5738,1,0,646.24304,941.79663
5739,1,0,198.53693,2212.6726
5741,1,1,265.55692,1802.9368
5743,1,1,76.677689,57.233337
5744,1,1,160.27385,216.46333
5745,1,1,211.11847,106.31499
5746,0,0,560.08997,81.853333
5747,0,0,152.43922,172.46916
5749,1,1,244.62845,456.13165
5751,1,1,107.67001,120.97667
5752,0,0,1407.7822,1640.2942
5753,1,0,2763.3008,0
5756,1,1,718.59845,651.28418
5759,0,0,116.63538,487.54999
5760,1,1,109.68615,108.85667
5765,0,0,2280.4678,9436.502
5766,1,0,0,0
5771,1,0,86.93,449.39331
5773,1,1,1606.7008,71.3125
5774,1,0,12.511539,7.9924998
5775,1,0,163.17923,293.26584
5778,0,0,130.26692,134.19501
5779,1,1,127.86385,719.62
5781,1,1,556.46307,811.69501
5782,1,1,43.246925,285.57751
5783,1,0,0,0
5784,0,0,1228.7954,304.7518
5785,1,1,1463.8923,837.94501
5786,0,0,596.48694,449.095
5788,1,1,69.952309,44.014168
5789,1,1,452.66846,138.2775
5790,0,0,37.318462,183.26834
5791,1,1,49.782307,44.129166
5792,1,1,142.35846,221.535
5793,0,0,411.14383,559.48749
5796,0,0,204.40924,184.39082
5797,1,1,0,97.756668
5799,1,0,.8323077,1.1174999
5800,1,0,147.55286,344.84082
5802,1,1,395.65308,91.636665
5803,1,0,13.775384,19.849167
5804,1,1,42.428463,11.496667
5805,0,0,355.59308,108.59
5806,1,1,942.96539,457.80334
5807,0,0,161.06693,37.918331
5808,0,0,183.31444,0
5809,1,1,264.71768,93.532501
5810,0,0,0,21.528334
5811,1,1,108.08154,53.642502
5813,0,0,6.867692,93.919167
5814,1,0,28.890001,172.4675
5815,0,0,687.66461,329.41583
5816,1,1,29.956154,32.817501
5817,0,0,323.86462,832.22583
5818,1,1,11.245,185.64917
5819,1,1,700.79541,504.49249
5820,1,1,262.1377,698.11749
5823,1,0,0,156.48584
5824,1,0,3100.407,3434.9883
5825,0,0,245.57309,688.1275
5826,0,0,4765.041,13310.986
5828,1,1,993.55072,377.83749
5829,1,0,251.79692,560.40503
5833,1,1,410.14459,357.20584
5834,1,1,32.369232,59.260002
5836,0,0,210.40999,754.69415
5837,0,0,0,778.91919
5839,1,1,280.60846,128.97083
5840,1,0,124.08857,37.948334
5841,0,0,0,8
5843,1,1,235.55888,52.261665
5844,1,0,1235.937,1249.4242
5845,1,1,435.68924,973.0575
5847,1,1,1610.5386,910.24902
5849,0,0,211.97308,130.31084
5850,1,1,428.64078,374.52835
5853,1,1,256.07614,73.714996
5854,1,1,44.140003,765.10748
5855,0,0,304.35077,6599.7021
5858,0,0,658.51465,196.98999
5860,1,1,2715.0322,1615.1582
5861,0,0,0,0
5863,1,0,705.96429,27.526665
5865,1,1,108.21461,87.255836
5866,1,1,190.63249,94.565834
5867,0,0,487.47925,522.28333
5868,1,1,0,105.565
5869,1,0,370.90924,147.42166
5871,0,0,138.61,101.32417
5872,0,0,52.918461,51.775833
5874,1,1,1507.3784,745.04749
5876,0,0,724.61615,1206.9059
5877,1,0,761.69464,2055.8308
5878,1,0,222.94,139.36417
5880,0,0,118.20847,255.86249
5882,1,1,1129.8199,1664.1899
5884,0,0,103.37769,608.82001
5885,1,1,491.77075,343.2175
5886,1,0,12.706154,7.9308333
5887,0,0,48.734615,36.830002
5888,1,1,501.43692,46.970833
5890,0,0,558.60614,526.875
5893,1,1,1359.0184,617.87915
5894,1,1,409.03693,547.49335
5895,1,1,129.94923,243.22916
5896,0,0,27.075384,1062.2642
5897,1,0,13.993077,65.260002
5898,1,0,81.311539,364.10083
5899,0,0,475.7923,88.444168
5900,0,0,2656.8093,2241.2017
5901,1,0,6.3323078,0
5902,1,1,199.51231,0
5908,1,1,5.9461541,0
5910,1,1,0,147.44916
5911,1,0,167.42384,115.65
5913,1,0,720.52924,515.33417
5914,1,0,1387.4138,328.65335
5915,1,1,53.75,167.8275
5916,1,1,9.2855558,1198.9575
5917,1,0,4847.8667,586.13165
5919,1,0,21.026924,84.239166
5920,0,0,302.56616,121.96667
5921,1,1,128.4977,84.722504
5922,0,0,47.156155,86.487999
5923,1,1,927.9223,263.35666
5925,0,0,37.727692,284.85666
5927,1,1,65.510773,475.86667
5928,0,0,5997.8853,4529.7583
5931,1,1,206.77231,1950.3468
5933,1,0,3078.5269,749.00299
5934,0,0,26.538462,0
5935,1,0,72.550766,19.307501
5936,0,0,1407.8469,47.831665
5937,1,0,0,0
5938,1,1,62.093845,171.70667
5939,1,1,72.167694,535.1958
5941,1,0,79.686157,47.963333
5942,0,0,.2223077,69.465004
5943,0,0,72.870003,125.8075
5944,1,1,0,181.25999
5945,0,0,205.41924,0
5949,0,0,63.73,197.50084
5950,1,1,330.55463,437.02917
5951,1,0,74.346924,79.782501
5952,0,0,266.63846,1489.255
5955,1,0,89.681541,22.111666
5956,0,0,0,0
5959,0,0,773.02002,229.46417
5962,1,1,17.136154,10.764167
5963,1,0,0,271.89999
5964,0,0,909.29919,793.91583
5967,1,0,541.52924,130.76166
5968,1,0,171.4677,129.30251
5969,1,0,323.14154,623.84332
5970,1,1,1762.4861,1474.1366
5971,1,1,111.07384,196.61667
5972,1,1,58.359234,107.42166
5974,1,1,374.5777,1709.9817
5975,1,1,333.57462,1184.2949
5978,1,0,305.33002,245.40666
5979,1,0,442.11847,906.53729
5980,0,0,97.512306,78.702499
5981,1,1,657.71924,383.35333
5983,1,0,172.26154,575.54419
5984,0,0,46.878464,69.101662
5986,1,1,332.24924,548.94086
5989,0,0,0,36.059998
5990,1,1,373.46463,332.64667
5991,1,0,393.54462,2957.7251
5992,1,1,304.39767,486.7308
5993,1,1,286.83923,10.07
5994,1,1,1166.2084,20.709166
5995,1,1,45.639999,96.32917
5996,1,0,0,0
5997,0,0,941.96924,1032.5858
5998,1,1,1442.4524,846.6759
6002,1,1,7.3415384,0
6003,1,1,0,237.0175
6004,1,0,356.74539,364.18665
6005,0,0,694.50079,570.90997
6006,1,1,532.82074,626.18414
6008,0,0,454.18384,175.3425
6009,0,0,337.51846,5383.3564
6010,1,0,0,40.345833
6012,1,1,7.5244446,122.68417
6013,1,1,11.857693,2.6375
6014,1,0,280.79538,1172.8624
6015,1,1,61.238461,267.69833
6017,1,0,298.95462,535.07916
6018,1,1,377.52463,3607.2615
6019,0,0,.27692306,56.364166
6020,1,0,149.55461,495.17249
6022,1,1,18.000771,53.390831
6023,1,1,600.43152,377.9725
6024,1,1,0,56.203335
6025,1,1,41.644615,252.45583
6026,1,1,235.09462,1904.0608
6028,1,1,446.86539,1137.8484
6029,1,0,153.44693,250.23666
6031,1,0,531.04926,363.16083
6033,0,0,517.75616,651.54248
6034,0,0,2721.8955,16.608334
6036,1,1,112.70154,115.915
6037,1,0,119.76538,150.98833
6039,1,1,72.843079,195.19083
6041,1,1,1600.1123,1165.6716
6042,0,0,113.90385,228.38834
6043,1,0,132.10307,452.79501
6044,0,0,0,90.230835
6045,0,0,318.90152,645.80664
6046,1,0,110.49461,4149.4189
6047,1,1,1121.0016,1336.4417
6049,1,1,258.87924,783.85583
6050,1,1,417.48538,1880.8657
6051,1,1,266.345,281.31082
6052,0,0,66.25,0
6054,0,0,655.03845,533.55377
6055,1,1,75.16539,193.98334
6056,1,1,946.04846,4557.6123
6057,1,0,72.689232,282.64749
6060,1,0,14.123846,47.235832
6061,1,1,142.47,34.169167
6062,1,1,88.582306,436.1225
6063,0,0,1124.2754,202.33501
6064,1,1,422.84616,595.53699
6065,1,0,98.453072,606.57251
6068,1,1,63.527691,1039.4792
6071,1,1,22.156153,334.33417
6072,1,0,872.65308,222.35834
6073,1,1,35.438461,125.98833
6074,1,0,419.86002,4502.4341
6075,1,0,8259.6641,2452.9683
6077,1,1,53.735386,96
6078,1,1,4270.9536,3420.01
6079,1,0,187.40538,592.43335
6081,1,1,906.83923,587.89001
6082,0,0,412.17078,379.16998
6084,1,1,175.74001,132.96001
6085,1,0,237.41461,57.860001
6086,1,0,616.35004,673.77002
6089,1,0,532.22845,370.8725
6090,0,0,40.906921,0
6091,1,1,204.02769,465.88251
6092,1,1,748.69385,319.78
6094,1,0,0,100.86916
6095,1,0,571.56616,145.69583
6097,1,1,649.89429,647.81915
6098,1,1,98.448456,0
6099,1,1,0,36.8325
6102,0,0,0,0
6103,0,0,167.35922,45.508335
6105,1,1,279.72693,74.7575
6106,1,1,365.44925,3451.3401
6108,1,1,6.5699997,8.4133339
6110,1,1,0,47.261669
6111,1,0,2.033077,68.766365
6112,1,1,2500.5701,638.15833
6113,1,0,343.0946,0
6114,0,0,833.8623,979.92914
6115,0,0,83.685387,0
6116,1,1,151.86769,303.85333
6118,1,1,195.90384,47.0075
6121,1,1,808.91998,598.98749
6122,1,0,4535.6685,8915.4717
6123,1,0,170.84616,188.96834
6124,1,0,610.37921,97.157501
6125,0,0,1014.9639,178.44084
6126,0,0,0,49.787498
6128,1,1,536.11157,2998.1433
6130,0,0,757.46381,54.19833
6131,1,1,4812.0601,1323.0475
6132,1,1,95.301537,1520.7899
6133,1,0,0,0
6136,1,1,43.939232,47.015835
6137,1,1,37.75,43.18
6139,1,1,631.63153,320.86166
6143,0,0,119.26153,58.736668
6145,1,1,135.36166,538.84583
6146,1,0,366.13461,723.26331
6148,1,0,212.61334,1011.5142
6149,1,0,7.7227278,0
6150,0,0,15.853846,120.95667
6151,1,1,0,0
6152,0,0,3.49,282.35916
6154,1,1,154.43538,697.15002
6155,1,0,0,0
6156,1,0,13.2,14.354167
6157,1,1,0,170.36501
6158,1,1,294.09384,223.14751
6159,1,1,88.560768,61.655834
6160,0,0,152.15846,46.293335
6161,0,0,804.92694,1074.0183
6165,0,0,514.69458,4920.7949
6166,1,0,900.20154,1133.3875
6168,0,0,118.28077,398.86502
6170,0,0,186.49309,232.69333
6173,0,0,44.526924,112.36751
6175,1,0,45.638462,343.74081
6177,1,0,302.51846,32.07
6178,1,1,188.72615,320.90332
6179,1,1,699.43848,420.1225
6180,1,1,79.25769,97.947502
6183,1,1,672.68536,998.88751
6184,0,0,127.46693,145.73582
6185,1,0,28.820768,192.215
6187,0,0,496.28769,407.2175
6188,1,1,414.2254,638.42749
6189,1,0,165.14308,166.93333
6191,0,0,0,10.915
6193,1,1,2867.436,1075.0551
6194,1,1,24.676151,688.44336
6195,0,0,2036.2722,343.21918
6198,1,1,23.559999,67.760834
6199,1,0,0,0
6203,0,0,0,30.91
6204,1,0,169.30307,2560.8577
6207,1,1,139.31923,41.68417
6208,1,1,499.12921,192.4675
6210,1,0,44.260773,19.116667
6212,1,1,386.09,9062.9229
6213,1,1,261.16229,89.410835
6215,1,1,73.626152,119.91416
6216,1,1,186.5,232.55251
6217,0,0,91.763077,129.60834
6220,0,0,238.85461,2.8516667
6221,1,1,297.71692,323.04834
6222,0,0,320.2446,412.05917
6223,1,1,204.76001,.23333333
6224,1,1,196.2377,104.14667
6226,1,0,0,0
6227,1,0,186.50847,417.42416
6228,0,0,1418.6007,1743.1775
6230,0,0,734.96619,671.53253
6231,1,0,48.657692,141.905
6232,0,0,0,0
6233,1,1,840.96844,1526.6525
6234,1,1,94.180771,34.4925
6235,1,1,407.49307,693.97668
6236,1,0,314.53925,668.51331
6237,1,1,241.34615,525.16498
6238,0,0,28.601538,0
6239,1,1,143.89847,171.35333
6241,0,0,252.22385,155.71417
6245,1,1,214.16693,222.08083
6247,1,1,413.97693,542.21753
6248,0,0,0,180.25917
6249,0,0,681.55847,1197.3134
6250,1,1,0,0
6251,1,1,6.9946156,0
6254,1,0,134.60153,132.08833
6255,1,0,4731.5576,7635.5327
6257,0,0,954.62537,886.23248
6258,0,0,24.372307,16.23
6259,1,1,62.248463,710.47498
6260,1,1,2330.5854,1466.9135
6262,1,1,34.28154,0
6264,1,0,1099.8469,145.71083
6265,0,0,6.6538463,0
6266,1,1,122.19538,898.51917
6268,1,0,345.87155,397.07498
6271,1,1,2659.7754,1776.6626
6272,0,0,548.97308,34.974998
6273,0,0,25.026154,684.72919
6275,0,0,195.13077,551.55249
6276,1,1,422.35077,78.128334
6277,1,0,56.696152,10.653334
6278,0,0,419.23386,443.30917
6280,1,1,214.30846,3188.4431
6281,0,0,18.098461,311.74417
6282,1,0,17.872307,183.65916
6283,0,0,747.21771,677.34589
6285,1,1,2762.1355,3420.6167
6287,0,0,28.94923,183.02583
6288,1,1,85.103851,88.886665
6291,1,0,80.300835,125.171
6293,0,0,118.23384,136.92332
6296,0,0,82.958466,225.52417
6297,1,0,24.397694,1278.2092
6298,0,0,654.2085,102.71
6299,1,0,415.29153,280.73917
6300,1,0,0,73.875832
6302,1,1,32.790771,61.269165
6303,0,0,732.45996,510.54083
6304,1,0,27.808462,7.9699998
6306,1,0,0,0
6307,0,0,18.544615,25.872499
6310,0,0,180.15616,147.69667
6312,0,0,159.34846,63.674999
6313,1,1,0,77.416664
6317,1,1,408.21616,112.84167
6318,1,1,578.05847,361.18668
6321,0,0,88.109993,144.20667
6322,1,1,1657.8046,158.00835
6324,1,1,33.451538,15.005834
6325,0,0,32.316925,155.41667
6326,1,1,345.78152,167.44453
6328,1,0,.20461538,1.005
6329,1,1,117.85846,59.882858
6334,0,0,17.853846,262.88083
6335,1,1,50.312309,227.84084
6337,0,0,235.5954,1704.1826
6338,1,0,160.47154,1048.1675
6339,0,0,711.80231,1782.1708
6340,1,1,445.15076,242.46091
6342,0,0,185.16693,221.81416
6345,0,0,225,67.084549
6346,0,0,104.97616,111.13909
6349,0,0,.42666665,26.429167
6350,1,1,0,46.165833
6352,0,0,185.55,497.46167
6355,1,0,39.471539,88.690834
6356,1,1,13.476923,24.286667
6357,1,0,0,0
6358,0,0,491.07385,1023.8026
6359,0,0,705.43921,204.02167
6362,0,0,1043.4061,0
6363,1,1,235.95615,7.8933334
6364,1,0,45.279228,0
6365,1,0,771.52307,909.37585
6366,0,0,524.1131,392.79333
6367,1,1,716.31769,391.18802
6369,0,0,531.09924,340.53583
6370,1,0,1492.007,2225.1782
6371,1,0,470.8877,385.35638
6372,0,0,861.77618,105.22083
6373,0,0,209.40231,755.63586
6374,1,1,78.997688,219.72166
6376,1,0,495.29416,161.86
6377,1,0,61.85154,118.055
6378,1,1,62.110001,592.25336
6379,1,0,57.575386,36.509167
6380,1,1,.28,6.8091664
6381,1,0,0,18.110832
6382,0,0,48.77692,38.272499
6383,1,0,0,0
6385,1,1,0,22.609167
6386,1,0,0,0
6388,1,1,199.72231,152.14667
6389,0,0,307.75769,330.56332
6390,0,0,115.22769,157.5475
6391,0,0,96.225388,82.849167
6392,0,0,22.613077,47.599998
6396,1,1,365.91998,322.52499
6400,1,1,152.19923,315.47501
6401,1,0,54.305382,227.53833
6402,1,1,238.99924,838.22583
6403,1,1,1601.45,445.90915
6404,1,1,331.02847,454.60751
6405,0,0,134.67923,2053.1067
6406,1,0,200.95001,560.78333
6408,1,1,108.07153,10.544167
6409,1,0,35.046154,6.8091664
6411,0,0,0,101.5975
6412,1,0,111.92538,134.84084
6413,1,1,25.185383,21.745001
6414,1,0,340.53693,37.425453
6415,1,1,2089.6892,4045.8801
6416,0,0,12.887692,255.46083
6419,0,0,123.35154,68.771667
6421,1,1,50.214615,65.800003
6422,1,1,29.077692,118.73417
6423,0,0,243.57921,226.64667
6424,1,1,389.0654,342.53915
6426,1,1,7.6916671,94.585831
6430,0,0,85.587692,881.08496
6431,0,0,17.22077,110.25167
6432,1,0,0,0
6434,0,0,89.676003,620.17334
6435,1,0,541.1123,446.20834
6436,0,0,123.45538,128.61667
6437,1,0,6.0776925,111.30583
6438,1,1,73.728462,168.66084
6439,1,0,60.675385,139.09499
6440,1,0,9.6969233,0
6441,1,1,0,31.684999
6442,1,1,1513.6622,917.48749
6444,0,0,105.88583,103.395
6447,1,1,228.46153,201.18834
6448,1,1,14.743846,93.760841
6449,1,1,238.47617,146.1575
6450,0,0,37.126923,104.5625
6451,0,0,14.254615,34.877499
6453,0,0,164.83617,105.595
6456,1,1,44.103077,6.584167
6457,0,0,618.96997,422.05249
6458,0,0,2342.1914,314.96667
6459,1,1,310.25693,985.36249
6460,1,1,53.73,676.74585
6461,1,1,73.888458,294.79416
6463,1,0,0,129.03999
6464,1,1,65.60923,51.142498
6465,1,1,2076.6101,681.51831
6466,1,1,1861.0508,1143.3225
6467,1,0,6.2838464,0
6473,1,1,389.48074,49.824165
6475,1,0,197.70923,32.176666
6477,1,1,0,571.16418
6478,1,1,1994.9692,25.236666
6479,1,0,36.513847,0
6480,1,0,877.8631,1302.8608
6481,1,0,18.990768,48.411671
6482,1,0,0,0
6483,1,1,666.19232,338.98416
6484,1,1,147.03308,83.113335
6488,1,0,100.61154,991.70166
6489,0,0,1710.7854,71.09417
6490,1,1,95.22538,0
6492,0,0,5237.0332,8098.084
6494,1,0,4317.3745,3108.2427
6495,1,0,772.75226,561.08746
6496,1,1,0,10.699166
6497,1,0,208.66615,100.90143
6499,0,0,73.190773,8.4133329
6500,1,1,214.99385,403.75
6501,1,1,3.0769231,163.20999
6502,1,0,351.91537,368.96335
6504,0,0,376.55539,404.74667
6505,0,0,896.07391,0
6506,1,1,0,340.55167
6507,0,0,27.303846,267.31
6508,0,0,105.54461,72.481667
6509,1,0,0,1.3266667
6511,1,1,48.844616,132.23666
6512,0,0,202.27155,1073.6991
6516,0,0,24.427692,248.10834
6517,1,1,387.24463,50.380909
6518,1,1,0,0
6519,1,1,0,52.970001
6520,1,1,0,312.01752
6521,0,0,12157.972,12883.926
6525,0,0,1176.4431,401.67581
6526,1,0,13.9,56.037498
6527,1,0,0,64.474998
6529,1,1,187.47154,1577.5609
6531,1,1,807,760.77081
6532,0,0,472.05615,85.003334
6533,1,1,573.70691,329.08749
6534,1,1,8717.0098,10242.95
6535,0,0,20.30077,16.7325
6539,0,0,143.59,9.1783333
6541,1,0,435.98462,1041.3909
6542,0,0,321.42001,243.58417
6543,1,0,147.98077,67.125
6544,0,0,340.15692,368.09915
6545,1,1,29.523077,70.342499
6547,1,1,424.00385,.465
6550,1,0,67.421539,24.856667
6555,1,0,26.032307,169.69749
6557,1,0,218.86539,4925.4517
6558,1,1,31.084616,395.67334
6559,1,1,362.04694,1078.2758
6561,0,0,62.707695,160.29333
6562,1,0,821.25769,2896.6167
6563,0,0,79.080002,232.14417
6564,1,0,6.1576924,610.07251
6565,0,0,1738.36,1500.0433
6566,1,1,47.546925,56.9375
6568,0,0,0,635.75165
6569,1,0,0,0
6570,1,0,664.07617,1336.2125
6571,0,0,118.96539,131.66583
6572,1,0,348.30539,508.31003
6573,1,1,77.885384,170.47833
6575,1,0,921.79083,288.88083
6577,1,0,75.848465,8.666667
6581,1,1,0,3.3333333
6583,1,1,119.05923,629.80084
6585,0,0,202.52461,201.88249
6587,1,1,80.732307,0
6588,1,0,115.95231,961.28247
6589,1,0,19.609999,273.36084
6590,0,0,137.13615,75.870003
6595,1,0,993.23389,439.01166
6598,0,0,173.41924,7.6916666
6599,0,0,69.32692,27.8125
6602,0,0,22.506924,32.220833
6603,1,0,6.4292302,0
6604,0,0,1990.0138,536.185
6605,1,1,171.41693,104.64
6606,1,1,3.7544446,14.862727
6608,0,0,21.546925,0
6609,1,0,125.46,127.57833
6611,1,1,29.825384,7.2525001
6612,0,0,.49615386,53.301666
6613,1,0,115.62692,427.34
6614,0,0,248.46155,887.08167
6615,1,1,284.16309,129.31084
6616,1,0,384.16617,451.00916
6617,0,0,102.9,50.305
6620,1,0,87.662308,12.700833
6621,1,1,31.262306,88.753334
6622,1,1,550.26617,747.57166
6624,0,0,17.85923,171.14583
6625,1,1,61.99308,83.019165
6626,1,0,1213.5023,1073.5892
6629,0,0,1554.2593,729.85919
6630,0,0,211.0123,394.38333
6632,1,0,175.21001,143.48666
6635,1,0,902.80151,131.90001
6636,1,1,12.514616,0
6637,1,0,0,90.572502
6638,1,0,38.392307,261.61417
6639,1,1,49.428463,877.38251
6641,1,0,90.583847,153.04417
6644,1,1,13.837692,0
6646,1,0,247.11232,799.94415
6648,1,1,54.513077,13.83
6649,1,1,13.136154,25.924999
6650,0,0,813.78003,1294.21
6651,0,0,837.9054,205.14084
6652,0,0,575.86847,619.61835
6654,1,0,97.456154,1.1275001
6655,1,1,103.64308,61.812496
6657,0,0,36.524616,58.379169
6659,1,1,0,104.50333
6660,0,0,379.44846,133.75
6662,0,0,370.44693,119.33334
6663,0,0,81.369995,52.317501
6665,1,0,77.089233,187.22168
6667,0,0,42.273846,6.7658334
6668,1,1,992.24304,1040.7426
6670,0,0,0,0
6672,1,1,0,543.46167
6673,1,0,4778.6807,2520.2234
6674,0,0,201.27615,435.21085
6678,1,0,2549.7585,6064.3242
6679,1,1,172.61307,319.85001
6680,1,1,94.609993,49.227501
6681,1,1,571.9646,516.45581
6684,0,0,.60461539,51.115002
6685,1,0,375.53772,233.54916
6688,1,0,308.94846,262.92667
6689,1,0,0,555.71582
6691,0,0,324.3577,343.05081
6692,0,0,58.435387,94.550003
6693,0,0,31.70923,379.27835
6694,1,1,1368.7761,54.619167
6695,0,0,238.29077,292.03085
6696,0,0,380.45999,554.39996
6698,0,0,1611.2369,591.27087
6700,1,1,241.16153,211.22333
6702,1,0,2864.77,2499.1799
6703,0,0,11.86,201.91751
6704,0,0,472.24231,234.36583
6706,0,0,0,18.5875
6708,1,0,374.80695,1004.8134
6709,1,1,195.81769,1226.0292
6712,1,1,84.837692,98.369095
6714,1,0,44.099998,765.08667
6716,1,1,254.14308,295.86749
6719,1,1,215.74922,1497.3232
6721,1,0,82.708336,27.255835
6722,0,0,14.893077,21.505835
6723,1,1,583.58459,246.51001
6724,1,1,747.97388,804.98334
6725,1,0,159.57385,375.30917
6728,0,0,493.69537,986.28253
6732,0,0,311.38461,85.465836
6733,1,1,0,0
6734,0,0,11.044616,6.8541665
6736,1,0,8.2953854,.23166667
6739,1,1,180.11154,123.8125
6740,1,0,394.40463,318.67001
6742,1,1,54.969231,52.450836
6743,1,0,368.69153,817.71246
6745,1,1,35.372307,98.761665
6746,0,0,76.657692,157.70833
6750,1,0,35.052307,101.77583
6751,1,1,275.05463,537.02252
6752,0,0,130.99385,120.94583
6753,1,0,408.54385,1000.9417
6755,0,0,94.56308,344.83084
6756,0,0,0,0
6757,1,1,99.10231,80.984169
6758,1,0,360.19617,1812.5001
6759,1,1,358.50601,75.744171
6762,1,1,71.670769,45.890835
6763,1,1,418.69153,1241.9384
6764,1,1,332.96384,12.821667
6765,1,1,1580.1942,21.664167
6767,0,0,150.76462,174.63333
6768,1,0,44.033848,64.307495
6769,1,0,0,0
6772,0,0,23.263845,0
6774,1,1,109.78693,46.073334
6775,1,1,165.98538,397.22415
6777,0,0,676.23309,494.82834
6778,0,0,12.04077,9.6000004
6780,1,1,77.597694,176.90166
6781,1,1,99.998459,197.71083
6783,0,0,.36769232,6.6666665
6784,1,1,46.569996,74.084999
6787,1,1,1572.6393,1898.8259
6788,0,0,39.774616,832.37329
6790,0,0,112.79538,412.23834
6791,0,0,239.81923,0
6792,0,0,226.49307,88.346664
6796,1,1,223.09308,202.46666
6798,1,1,29.222307,716.46832
6799,0,0,209.51768,3.3333333
6800,1,1,53.708462,213.50917
6801,1,0,211.04924,135.08749
6803,1,1,438.32999,216.4975
6804,0,0,1738.7581,550.005
6805,0,0,241.29384,187.33167
6806,1,0,828.87231,132.58833
6807,0,0,196.35001,189.43333
6808,1,1,334.05499,185.98181
6809,1,1,928.2207,816.61749
6810,1,0,203,111.00583
6811,1,1,10.610769,0
6812,1,1,1730.8278,173.4575
6813,1,1,85.803078,89.019997
6814,0,0,429.61768,261.69916
6815,0,0,124.39769,208.84668
6816,1,1,255.53693,422.38086
6819,1,0,0,0
6820,1,1,1400.0554,77.511673
6821,0,0,141.7646,316.19
6822,1,1,316.5,136.9725
6823,1,1,95.599236,161.93085
6824,1,1,70.023842,126.53833
6825,0,0,102.41154,72.237503
6827,1,0,25.663847,3.3333333
6828,1,1,372.57999,320.27084
6830,0,0,0,30.531668
6831,1,0,6.1584616,2268.1941
6833,1,1,227.44615,85.716667
6835,1,0,802.49463,362.94751
6837,1,0,104.0523,82.207268
6838,1,1,60.843845,0
6840,1,1,53.298462,67.407501
6841,1,1,77.329231,2054.0376
6843,0,0,396.35385,728.9408
6844,1,0,1309.6077,723.2525
6845,1,1,189.48769,3211.145
6848,0,0,222.94615,1453.7792
6849,1,1,11.788571,249.06084
6850,0,0,36.894615,559.13165
6851,1,1,13.275385,604.18335
6853,1,1,0,24.150833
6854,1,1,54.901539,56.094997
6856,0,0,0,0
6857,1,1,175.95692,195.60085
6859,1,0,529.85382,353.505
6860,0,0,160.42847,68.918335
6863,1,1,372.84155,170.81334
6864,1,0,273.53616,3237.5667
6865,1,1,288.80307,3307.6423
6870,1,1,0,0
6871,1,1,0,0
6872,1,0,0,29.618332
6873,1,1,214.96384,2901.9534
6876,1,1,23.373844,679.14417
6878,1,0,65.080002,201.02
6880,1,0,4023.0266,200.25916
6882,1,1,240.3923,572.77832
6884,0,0,0,0
6885,1,0,320.90384,771.13666
6886,1,1,430.69849,575.47418
6888,0,0,0,135.56334
6889,1,1,137.40154,221.13834
6890,1,1,0,88.722496
6892,1,0,90.843079,72.329163
6894,0,0,212.39462,313.53583
6895,1,1,229.00385,757.39917
6896,0,0,13.433846,75.1875
6897,1,0,9.8653851,0
6898,0,0,374.10925,591.57751
6899,1,1,1008.4238,1435.7625
6900,0,0,611.23615,1166.2942
6901,0,0,848.39923,113.65833
6902,1,0,65.627693,540.28247
6903,1,0,294.34537,302.82751
6905,1,1,62.420769,182.79417
6909,1,0,3509.9929,1847.525
6910,0,0,82.951103,247.76668
6912,0,0,16.767693,37.686668
6913,0,0,15.840001,105.64083
6914,1,0,247.92615,1962.2467
6915,1,0,1.4292308,0
6918,1,1,674.69995,246.39334
6919,1,0,.18846154,.31818181
6920,1,1,0,0
6921,1,0,0,86.875
6922,1,1,81.254616,46.321667
6923,0,0,216.93462,539.24084
6924,0,0,29.569231,0
6925,1,1,741.94305,223.31915
6926,1,1,1121.1023,669.58417
6927,0,0,0,2.0833333
6929,1,0,1359.5408,1932.0275
6930,1,0,0,151.205
6931,0,0,1373.7577,849.05914
6932,0,0,31.639231,253.12082
6933,1,1,239.15923,59.380001
6934,1,0,0,0
6935,0,0,863.90155,1041.0634
6937,1,0,0,0
6938,1,0,0,0
6939,0,0,431.80307,217.83917
6940,1,1,297.62076,191.98166
6941,1,1,6.6769233,196.06667
6943,1,1,284.10385,86.425835
6944,0,0,393.64462,0
6948,1,1,4.0207691,0
6949,1,0,32.005386,36.860001
6950,1,0,13.607692,26.002499
6952,0,0,29.87154,81.574165
6953,1,1,46.330002,18.148333
6954,0,0,977.67847,874.59802
6955,1,1,0,2.0833333
6956,1,0,517.20459,253.11665
6957,1,1,3.0769231,167.66833
6958,0,0,0,0
6959,1,0,345.51855,194.79001
6960,1,1,88.733849,86.844994
6961,0,0,188.75462,269.89499
6962,1,0,612.69153,73.838341
6963,1,0,19.071817,10.1875
6964,1,1,248.19231,349.08835
6966,1,1,332.9223,371.45001
6967,0,0,555.55768,482.245
6969,1,0,500.13922,92.098335
6970,1,0,0,0
6971,1,1,553.75,164.77417
6972,0,0,669.39386,1114.0692
6973,1,1,0,.17416666
6974,1,1,964.24841,0
6976,1,1,27.389231,116.32166
6979,0,0,602.68463,739.13086
6980,0,0,132.04692,1027.2083
6981,1,1,621.01385,472.22
6982,0,0,0,0
6983,1,1,483.5654,342.89749
6984,1,1,227.48,700.44501
6985,1,0,245.03462,996.04584
6986,1,0,247.72153,319.81665
6988,1,1,48.33923,140.20917
6990,1,0,.79538465,4.3358335
6991,1,1,438.00537,594.18085
6992,0,0,0,0
6993,0,0,117.94231,257.08832
6994,1,0,889.29309,222.49667
6995,1,1,178.91385,381.36417
6996,1,1,0,434.02914
6999,0,0,535.53156,611.79724
7000,1,0,0,156.83501
7004,1,1,43.48077,154.83749
7005,1,1,985.77917,1359.6317
7009,0,0,394.33615,189.1525
7010,0,0,0,0
7011,1,0,284.64844,394.50415
7012,0,0,148.03384,2203.03
7013,1,1,1073.0284,80.740837
7015,1,1,151.99231,273.98999
7016,1,1,58.879234,215.22249
7017,0,0,547.38232,2026.2567
7018,0,0,685.85614,113.40833
7019,1,1,1116.6277,603.21167
7020,1,1,26.346155,1235.1492
7023,1,1,557.82465,392.74167
7024,1,1,310.23846,369.99496
7025,1,1,216.30923,187.24333
7026,0,0,77.583076,1035.4467
7027,1,1,242.46614,2123.7915
7029,0,0,33.906921,314.27335
7030,1,1,1248.0592,516.26917
7032,1,1,73.837692,78.784996
7034,0,0,893.1908,279.05334
7037,0,0,501.99503,113.03667
7038,1,0,550.97925,49.599167
7039,1,1,82.273842,110.9925
7040,1,1,69.263077,81.614166
7041,1,1,196.50626,169.04333
7043,0,0,52.880772,0
7046,1,0,5.9692307,24.6775
7047,0,0,12.315385,171.36
7050,1,0,739.91229,97.466667
7052,1,1,207.44539,29.388332
7053,1,0,448.73923,560.08746
7057,1,1,338.64847,692.29749
7058,0,0,15.986155,5.9466667
7059,1,1,88.596924,140.655
7060,1,0,2024.2446,3486.1316
7062,1,0,0,0
7066,0,0,4.0799999,38.965832
7067,1,0,90.249229,55.509171
7069,1,0,39.740768,59.544998
7070,1,1,40.793076,148.12833
7071,1,1,8.0115376,0
7072,1,1,222.19899,475.77502
7073,1,0,1027.657,72.715996
7074,1,1,1017.0777,3603.1509
7076,1,1,221.11307,500.70001
7078,1,1,87.589233,243.4675
7079,1,1,1077.7338,586.67749
7080,1,1,55.566154,21.813334
7081,0,0,160.36615,496.405
7084,0,0,172.71231,936.83252
7085,1,1,64.348457,729.03168
7086,0,0,1351.9531,117.37749
7089,0,0,71.939232,100.87334
7092,1,1,544.77307,2496.8267
7094,1,1,959.80231,29.365835
7095,1,1,0,3.4591668
7096,1,0,147.16924,145.405
7097,0,0,3912.3447,1794.9634
7098,0,0,339.34464,273.19
7099,1,1,24.064615,65.8675
7101,1,1,1488.6393,91.316666
7102,1,0,823.34076,1608.0754
7105,0,0,141.76001,41.281666
7106,1,1,364.06693,147.58
7108,1,0,89.908463,60.096668
7109,1,1,33.738461,184.7175
7110,1,1,71.121536,31.177498
7111,0,0,520.6123,135.41167
7112,0,0,653.79919,746.06915
7114,0,0,3.2515385,48.586666
7116,1,1,747.29077,851.02338
7117,1,1,306.25076,107.985
7118,1,0,136.27924,317.08167
7119,1,1,235.60538,74.877502
7120,1,0,59.372307,241.69417
7121,1,1,573.5069,738.5625
7125,1,1,477.06845,35.787498
7126,0,0,13.815385,0
7127,1,1,103.83846,341.70416
7132,1,1,274.14999,351.465
7133,1,1,119.83538,69.480003
7134,0,0,170.56,359.21667
7135,0,0,0,0
7138,1,1,465.69922,567.25336
7139,1,0,106.81538,2290.3574
7140,1,1,412.21231,148.3325
7141,1,0,313.45694,180.08833
7143,1,1,142.26154,137.22084
7144,0,0,211.43001,283.29251
7146,1,0,94.939232,210.24834
7147,1,1,62.51231,203.19585
7148,1,1,73.426926,88.170837
7149,1,1,0,80.658333
7150,1,1,3.0207694,3.3908336
7151,1,1,1912.1992,1740.4617
7152,1,1,1427.15,1651.6183
7155,1,1,442.5954,141.40416
7156,1,1,63.776924,487.50833
7159,0,0,29.901539,410.52582
7160,1,1,2606.0383,2586.0784
7162,0,0,7418.6479,29495.15
7163,1,1,163.23001,311.12668
7164,1,0,334.97461,150.14833
7167,1,0,170.14,134.53084
7168,1,0,1012.3769,781.38666
7169,1,0,122.46616,18.453335
7171,1,1,81.46154,210.47333
7172,1,0,59.105385,0
7174,1,1,173.38692,1022.7841
7175,1,0,518.39844,25.738333
7177,1,1,318.98999,323.45752
7178,1,1,64.415382,158.28667
7179,0,0,39.105385,95.461662
7180,1,1,132.69231,195.52499
7183,0,0,136.42,396.04663
7184,1,0,853.91541,467.92419
7185,1,1,136.82231,188.64751
7186,1,1,10867.493,12195.477
7187,0,0,666.12537,588.97418
7188,0,0,21.271538,117.06001
7189,1,1,71.086929,259.85165
7190,1,1,65.762306,201.74916
7191,1,1,313.08078,495.6225
7192,1,1,11.921538,35.170002
7194,1,0,266.55847,616.85669
7196,1,0,1507.7178,62.424168
7198,1,1,226.65384,250.0475
7200,0,0,6187.9023,8930.5801
7204,0,0,235.38,405.40836
7205,1,1,6.5407696,0
7206,1,1,374.07846,422.23752
7207,1,1,311.65155,262.08499
7208,1,0,285.11923,435.64999
7209,1,0,3.6176925,0
7210,1,1,1960.38,134.33833
7211,1,1,498.31461,1404.7926
7213,1,0,997.37,495.25
7215,1,1,103.96923,374.22665
7218,0,0,33.93,97.418182
7219,0,0,52.334614,260.64832
7220,1,0,26.734615,51.059166
7224,1,1,115.39,214.35167
7225,0,0,5388.7993,820.85999
7227,1,1,63.514614,51.933331
7228,0,0,22.871429,0
7229,1,1,7.4869227,65.281662
7230,1,1,160.78143,1342.1224
7231,0,0,241.03,125.66084
7232,1,1,1220.0293,672.94751
7233,0,0,61.746151,40.798332
7235,1,1,0,72.213333
7239,1,1,97.106926,232.56999
7240,0,0,74.810768,42.682499
7242,0,0,96.892303,10.856667
7244,1,0,1965.8569,2411.8567
7245,1,0,339.85001,242.41501
7246,0,0,1408.6969,1055.3724
7247,1,0,415.3623,319.6275
7248,0,0,987.51843,542.935
7249,1,1,1309.5139,55.559998
7250,0,0,93.389229,162.21666
7251,1,0,89.164169,206.86833
7252,0,0,184.45769,122.17333
7254,1,1,862.45544,1073.8417
7256,1,1,163.49001,30.695
7257,1,1,0,827.60999
7259,1,1,14.550001,172.78833
7260,0,0,0,0
7261,1,1,6655.0732,6879.4932
7263,0,0,170.43001,614.93164
7265,1,0,1622.7407,1148.6324
7268,0,0,0,181.72749
7269,0,0,7.1938457,68.377777
7271,1,1,254.33923,120.49084
7272,0,0,415.55768,501.34418
7273,1,0,215.3577,251.25999
7274,1,0,38.813847,107.70833
7276,1,1,0,73.32917
7277,0,0,33.227692,17759.746
7278,0,0,90.470001,119.90334
7279,1,1,17.940001,0
7280,1,0,62.528461,488.08417
7282,1,0,2990.1838,3755.3909
7283,0,0,67.886154,22.495832
7285,1,1,4.3553843,16.475834
7288,1,0,1050.463,5589.4063
7289,1,1,149.0425,4.6725001
7292,1,1,0,20.7875
7294,1,1,342.69617,397.9425
7299,1,1,0,1.7466666
7301,1,0,1207.2554,121.26583
7306,1,1,38.512306,0
7308,1,1,59.860767,50.966667
7309,0,0,0,269.14917
7311,1,0,1582.5123,875.04248
7312,1,1,1588.4469,1094.3525
7313,1,1,1637.1116,1429.6392
7314,0,0,64.022308,271.64166
7315,0,0,475.73233,348.03
7316,1,0,240.70847,72.860832
7317,1,1,2518.4915,992.24084
7318,0,0,179.47693,251.35916
7319,1,0,1126.9884,30.811666
7320,1,1,84.493843,337.12833
7321,0,0,75.381538,201.985
7323,0,0,10.176924,8.4441671
7324,1,0,28.952307,33.028332
7326,1,1,61.5,0
7330,1,1,178.02383,789.99084
7333,1,1,165.89847,113.005
7335,0,0,.29692307,123.0075
7336,0,0,454.85541,184.77917
7337,1,0,3.0769231,201.61182
7339,0,0,4822.2002,2618.9075
7340,1,0,93.150772,310.14499
7341,0,0,113.45154,24.105833
7342,0,0,0,548.58502
7343,1,1,876.177,1479.6074
7344,1,1,35.966156,23.559168
7345,1,1,0,0
7346,0,0,44.306923,161.15666
7351,1,0,155.03308,709.02667
7352,0,0,423.97385,948.55334
7356,1,1,1237.5015,523.48669
7357,0,0,126.06615,2964.2183
7358,1,1,53.885384,170.92416
7359,1,1,11.487692,157.31168
7360,1,0,1040.2177,2965.2566
7362,1,1,27.26,35.853333
7363,1,0,163.50084,45.873333
7366,1,1,676.03229,4095.616
7370,0,0,194.79091,1061.9
7372,1,0,0,24.860001
7373,0,0,63.453075,87.135834
7374,0,0,310.67615,195.13583
7375,0,0,36.604614,191.76334
7377,1,1,58.307693,47.784168
7379,1,1,377.67001,184.59583
7384,0,0,0,0
7385,0,0,0,108.41
7387,1,0,0,0
7388,1,1,219.91692,253.72417
7390,1,1,24.594614,177.53416
7392,1,1,490.57233,237.5275
7394,0,0,0,62.259998
7395,1,1,116.89616,1550.0699
7398,1,0,4369.8462,5209.5859
7400,1,1,126.34769,250.38167
7401,1,1,207.80231,165.93668
7402,1,0,289.45001,663.59167
7404,1,1,932.93152,1612.9808
7405,1,1,0,292.92917
7406,0,0,174.01152,791.75665
7407,1,1,11.21077,20.266666
7408,0,0,16.29846,.64916664
7410,1,1,1370.1354,797.50244
7414,1,1,77.14846,180.515
7415,0,0,162.00693,143.52834
7418,0,0,213.29768,173.34834
7419,0,0,83.571541,175.22917
7420,1,0,0,0
7421,1,1,104.70846,92.705833
7425,1,1,2332.0186,3125.1975
7427,1,1,0,84.571663
7428,1,0,206.65846,62.860001
7429,1,1,27.515385,0
7430,1,1,108.20923,205.32501
7431,1,1,129.76462,195.44
7432,1,1,573.61078,38.964169
7433,1,1,60.076157,51.510834
7434,1,1,1313.0554,261.39667
7435,0,0,419.79538,342.51416
7436,1,1,157.91769,129.8275
7437,1,1,366.94922,418.85416
7438,0,0,578.22766,72.533333
7439,1,1,5.2346153,212.92168
7440,0,0,6.1576924,20.289165
7441,1,1,51.96846,0
7443,0,0,2064.4646,693.03748
7444,1,0,230.73616,2535.75
7445,1,1,385.73999,154.64333
7446,0,0,0,0
7448,1,1,51.858463,7.2641664
7454,0,0,175.72307,326.41251
7455,1,0,1886.9531,3846.5083
7457,1,1,635.30383,882.99249
7458,1,0,1128.8485,290.07584
7459,1,1,48.654613,59.717503
7460,1,0,728.5069,700.91998
7462,0,0,60.277691,311.36334
7463,1,0,0,0
7464,1,1,165.30615,153.85167
7465,1,1,0,0
7466,1,0,65.173843,298.64084
7467,1,1,67.823074,121.5925
7469,1,1,533.01001,272.60834
7471,1,1,286.02924,912.39996
7473,1,0,325.38693,52.065834
7474,0,0,81.476151,23.743332
7475,1,1,0,86.0625
7478,1,0,108.07384,130.575
7479,1,1,302.05231,205.10083
7481,1,1,71.691536,207.07834
7484,1,0,160.86385,32.625
7485,1,1,0,88.355827
7486,0,0,267.06921,335.64832
7489,0,0,152.43083,383.23666
7490,1,1,79.846924,133.13333
7493,0,0,85.013077,4.8975
7495,1,1,168.44615,122.3375
7496,1,1,0,0
7497,1,0,25.5,155.29333
7500,1,1,252.62228,145.495
7503,0,0,718.13,909.19086
7504,1,1,1907.2792,270.82666
7505,1,0,441.8569,87.701668
7506,0,0,575.89612,564.78333
7508,1,1,55.123081,552.53668
7510,0,0,453.4054,1150.4551
7511,1,0,92.693848,330.08084
7512,1,1,3.0769231,0
7513,1,1,0,77.426666
7514,1,0,0,13.341667
7516,0,0,105.90538,42.111668
7517,1,1,1071.4492,1726.0242
7518,1,1,14.943077,151.785
7519,0,0,262.61615,171.69667
7520,0,0,2251.5793,625.73914
7521,1,0,208.14078,156.08583
7522,1,0,615.43152,2894.6907
7523,1,0,478.1077,3138.3442
7524,0,0,235.99231,183.09833
7525,1,1,458.37769,179.08583
7527,1,0,.48999998,0
7528,1,1,90.294617,39.289165
7529,1,0,789.71692,14537.186
7532,1,0,124.38154,94.61834
7533,1,1,202.51334,661.25
7534,0,0,568.91382,747.84747
7537,0,0,50.751537,31.858334
7539,0,0,11.92077,697.18671
7541,1,1,726.21997,107.16167
7542,0,0,17.139231,59.359169
7543,0,0,1539.8162,5882.8369
7544,1,0,148.19385,100.81583
7545,1,1,16.866922,366.39832
7547,0,0,0,35.980835
7549,1,1,373.89999,302.46085
7550,1,0,9965.3457,512.31598
7552,1,1,358.90076,602.18329
7554,1,0,11.458461,55.664165
7557,0,0,123.98615,35.805836
7558,1,0,7518.6694,544.14081
7559,1,0,0,7.2225003
7560,0,0,120.91769,481.8175
7562,1,1,528.94232,267.2225
7563,1,0,385.91925,253.66583
7565,1,1,697.57617,6508.7251
7567,1,1,55.540001,317.2525
7571,1,1,39.643845,56.432503
7572,0,0,303.34229,46.643333
7576,1,1,4667.1592,4337.8525
7578,1,0,1878.5151,3030.7727
7579,1,1,26.175385,1.7775
7580,1,1,0,18.008888
7584,0,0,113.3923,485.33914
7585,1,0,1092.0054,428.02585
7587,1,1,1139.3815,1369.8467
7588,0,0,201.95078,161.33667
7589,0,0,0,249.05582
7591,1,1,88.04615,300.86832
7592,1,1,58.936153,88.208336
7595,0,0,20.525385,1765.8434
7596,1,0,253.32538,853.95996
7600,1,1,20.676153,61.255001
7602,1,0,886.0246,470.34998
7606,1,1,438.63229,232.19249
7607,0,0,306.21616,574.41919
7608,1,1,470.92383,158.87999
7609,0,0,135.67616,332.66333
7610,1,1,351.98923,519.06085
7611,1,1,146.56769,49.825001
7612,0,0,1472.5408,1032.2859
7613,1,1,43.266922,0
7614,1,0,0,1691.0209
7615,1,0,274.79999,129.08333
7616,1,0,526.88287,1248.2091
7617,0,0,188.06693,278.57916
7620,0,0,903.26306,341.73334
7622,1,1,208.36537,306.48917
7623,1,1,102.14847,78.596672
7624,1,1,3202.5701,518.18585
7627,1,0,1889.6985,9.2072725
7628,0,0,35.632725,83.521667
7630,0,0,87.504005,419.58334
7633,1,1,536.70538,908.07666
7634,1,0,7116.0332,368.62582
7636,1,0,686.61688,661.15002
7640,1,1,31.672308,33.301666
7641,1,1,447.21463,1299.4083
7642,1,1,111.2,54.514996
7643,0,0,53.529999,182.88417
7646,0,0,627.89691,187.42999
7647,1,1,0,230.10583
7649,1,1,181.18922,305.15082
7650,1,1,652.31537,496.96835
7651,1,1,145.36154,207.29083
7656,1,1,0,271.35834
7657,1,1,43.823078,405.46332
7658,1,0,818.31006,169.39417
7659,1,0,0,0
7661,0,0,800.00385,301.53333
7662,1,0,67.138466,60.41
7663,1,1,50.77,166.49832
7664,1,1,150.08385,127.88833
7665,1,1,250.00154,218.81665
7666,1,1,1071.613,128.25583
7668,1,1,498.11459,318.24249
7669,1,1,129.31154,2291.1233
7670,1,0,387.93692,603.72833
7671,1,1,880.15076,3541.4766
7672,1,0,33.224613,691.88416
7674,1,1,177.55923,332.86166
7675,1,1,1194.9224,1089.4534
7676,1,1,2266.2839,1087.4384
7679,1,0,1240.2084,1076.9575
7680,1,0,76.450768,12.468333
7683,1,0,1121.5654,719.4317
7685,1,1,1013.0954,1137.9142
7686,1,0,366.58231,435.59167
7687,0,0,69.370773,340.04749
7688,0,0,1007.1131,1348.2709
7691,1,1,225.37,376.6925
7692,1,0,0,197.90833
7693,1,1,272.08847,811.84412
7694,1,0,10.162308,2.6375
7695,1,1,19.342308,1092.9791
7696,1,1,150.52,160.89917
7697,1,0,1736.6892,621.33417
7698,1,1,272.65463,277.89581
7699,1,1,179.3877,75.035835
7700,1,0,0,0
7702,1,1,117.34692,193.33667
7703,1,0,216.09923,1856.2042
7704,0,0,150.8725,96.606003
7705,1,1,414.21384,412.14166
7706,1,1,0,0
7707,0,0,80.668457,27.272499
7708,1,0,272.47693,56.362499
7709,1,0,255.72693,88.997498
7710,1,1,225.88846,24.745832
7714,0,0,209.81,0
7715,1,0,4334.123,2961.6643
7716,1,0,358.05847,775.45581
7717,1,0,50.204002,67.415833
7718,0,0,0,130.51167
7719,1,1,18.033077,30.518333
7720,1,1,108.81693,443.46167
7721,0,0,1528.9408,171.21916
7722,0,0,1314.8101,118.04
7723,1,0,1776.88,3771.0356
7724,1,1,44.245384,54.273335
7727,0,0,936.67999,765.72333
7728,1,1,181.25078,409.71417
7731,1,1,305.88916,564.5
7734,0,0,0,28.353334
7735,1,1,1258.2833,373.78082
7736,1,1,0,230.23917
7738,1,0,577.25,498.17834
7742,0,0,59.459232,63.278336
7743,1,1,98.053848,624.73248
7744,0,0,2463.4031,1045.1492
7745,1,1,83.385384,18.4725
7749,1,1,478.70615,152.09584
7751,1,1,23.337692,36.965
7752,0,0,1177.1622,483.97165
7754,0,0,0,0
7755,1,0,22.552309,1293.2557
7756,1,1,54.044617,1246.7616
7758,0,0,190.87769,200.46666
7762,1,1,45.899231,312.89334
7763,0,0,1123.23,437.54333
7764,0,0,84.543076,130.92334
7766,1,0,73.190765,59.400002
7767,0,0,425.79846,422.35916
7769,0,0,2116.8677,4412.71
7773,0,0,19.403334,131.8325
7776,0,0,80.010765,229.80583
7778,1,0,142.76616,67.879166
7779,1,1,219.40616,2453.3325
7780,1,0,109.91231,18.6525
7781,1,1,241.73,313.23001
7782,1,0,150.99461,5194.1309
7783,1,1,0,0
7788,1,0,467.70844,749.83582
7789,1,1,41.143078,69.844162
7790,1,1,693.08612,559.19995
7791,1,0,264.88846,239.89417
7792,1,0,111.47231,112.0625
7793,1,1,424.38229,54.052502
7794,1,1,957.8277,264.73248
7795,1,0,847.47614,1325.1499
7797,1,0,0,957.42084
7798,1,0,34.458462,137.03833
7799,1,1,821.39148,65.032501
7800,1,1,0,149.87285
7801,1,0,151.20923,175.95084
7802,0,0,165.42,58.754166
7805,1,0,.58846152,397.57581
7806,1,1,1801.2883,85.580002
7808,0,0,189.85307,294.06918
7809,1,1,133.38693,116.14333
7810,0,0,607.58081,32.451664
7812,1,0,147.44077,82.544998
7814,1,1,0,0
7815,1,0,1319.9515,1290.2025
7817,0,0,109.38499,729.71582
7818,1,0,958.07001,27.856667
7820,1,1,2.1492307,91.945
7821,1,0,0,2581.2776
7824,1,1,0,450.56003
7825,1,1,512.95227,373.72415
7826,1,1,612.9408,586.22418
7828,0,0,0,0
7829,1,1,69.82692,636.47168
7830,0,0,174.10616,541.75
7832,0,0,816.89691,757.80664
7833,1,1,302.92847,284.97583
7834,1,0,0,0
7835,1,1,1722.5469,507.27417
7838,1,0,21.497692,221.41418
7839,1,0,41.654617,0
7840,0,0,86.440765,359.52667
7842,0,0,8.6646156,126.64584
7843,1,1,0,0
7844,1,1,217.77693,39.543331
7846,1,0,11.104615,109.58333
7848,0,0,33.14846,35.274166
7849,1,0,56.490005,11.749167
7850,1,1,77.838463,178.43668
7851,1,1,45.27,197.67636
7852,1,0,214.84077,44.98
7853,1,1,0,106.55666
7854,0,0,51.398464,66.1325
7855,1,0,943.31079,2140.7224
7857,0,0,5.356154,403.30499
7858,1,0,661.07538,760.2475
7859,1,0,1512.4846,3481.3159
7860,1,1,150.17616,130.75833
7861,0,0,196.36385,180.79286
7863,0,0,400.66306,55.0975
7865,0,0,2978.334,896.49084
7866,1,1,99.765388,721.25922
7867,1,0,2.29,202.43916
7871,1,1,104.41769,266.91083
7873,1,1,54.563847,0
7874,1,0,452.90768,1586.9349
7875,0,0,123.05769,51.851665
7876,1,0,736.71924,1220.39
7877,1,0,64.03923,0
7878,0,0,273.78998,289.52417
7880,1,0,359.39691,1418.9958
7883,1,0,236.25845,736.91913
7884,1,0,0,58.143333
7886,1,1,0,6.584167
7888,1,1,1319.2761,1187.4092
7889,1,0,372.52231,597.80835
7890,0,0,93.830765,70.221664
7894,1,0,65.903847,118.00833
7895,1,1,273.7323,3922.2959
7896,1,1,0,29.070831
7897,0,0,194.18692,32.905834
7899,1,0,2955.3193,552.47247
7900,0,0,57.946152,100.47083
7901,1,1,425.32538,61.0825
7903,1,1,0,0
7904,1,1,98.127693,50.603333
7906,1,1,151.51692,1410.7341
7908,1,0,62.531536,241.73
7909,0,0,108.85693,605.64337
7910,1,0,0,22.7675
7911,0,0,50.520771,362.83252
7913,1,1,286.50308,930.45917
7915,1,1,11.92077,12.771667
7917,1,1,57.823078,105.53916
7919,0,0,233.86385,344.92416
7920,1,1,360.66537,591.05334
7923,0,0,302.95615,441.39334
7924,1,0,19.056154,83.176666
7925,0,0,2604.0647,251.71416
7926,0,0,691.14459,465.54834
7928,0,0,0,205.36084
7930,0,0,35.860771,410.70416
7932,1,1,430.29077,386.10251
7933,1,1,0,0
7934,0,0,757.53925,379.57916
7936,0,0,128.80692,729.03418
7938,1,0,461.81232,452.73169
7940,0,0,482.8877,64.082504
7941,1,0,35.165386,8.3500004
7943,0,0,526.06616,605.15918
7945,1,0,14.972857,392.17416
7946,1,0,2619.75,466.33417
7947,0,0,86.215385,114.8225
7948,1,1,388.92078,106.15833
7949,0,0,312.79001,79.900002
7950,0,0,730.13617,183.64
7952,1,1,21.728333,13.341667
7954,1,0,1572.4524,270.72751
7955,1,0,646.70154,116.7575
7956,1,0,1649.3623,2515.0059
7957,1,1,1333.7462,160.55083
7959,1,1,0,0
7961,0,0,272.24539,780.96002
7963,1,1,30.845387,11.485833
7964,0,0,355.95462,188.54666
7966,1,0,147.49155,0
7967,1,0,150.95462,39.038002
7969,1,1,34.206924,69.582497
7970,1,1,0,293.98834
7972,1,1,17.162308,79.747498
7973,1,0,288.19153,389.87082
7975,1,0,847.20612,774.25543
7976,1,1,139.08076,111.82833
7977,1,0,547.48846,954.2417
7978,0,0,31.388462,69.465004
7980,1,1,1113.1368,1386.46
7982,1,1,608.70001,154.29416
7984,1,0,157.86847,157.75667
7986,1,1,109.8623,91.275002
7988,1,0,258.6546,135.74001
7991,1,0,0,122.66666
7992,1,1,97.353844,405.38333
7993,1,1,341.45309,341.535
7994,1,0,9.3623075,0
7995,0,0,35.153847,43.27
7997,0,0,104.28692,140.85583
7998,1,1,875.60541,945.91913
7999,0,0,2.8269231,338.20334
8000,1,1,80.047691,159.92499
8001,0,0,459.90768,234.41333
8002,1,0,231.97769,180.15334
8003,0,0,62.439999,25.069166
8004,0,0,186.37,460.80499
8005,1,1,4181.9321,4920.02
8007,1,0,326.06232,126.66667
8008,1,1,1909.5261,564.17163
8010,0,0,687.73077,97.529999
8011,0,0,733.42383,969.69666
8012,1,1,0,30.999166
8014,0,0,939.91614,2448.8767
8016,1,1,240.73846,248.39333
8017,1,0,173.18307,0
8018,1,0,2337.8677,376.12833
8020,0,0,77.750771,89.293335
8021,1,1,31.818462,30.894165
8022,1,0,4433.5063,3903.5173
8023,0,0,128.82307,112.4475
8027,1,1,109.99154,84.269165
8029,1,1,134.43846,488.25748
8032,1,0,293.74539,649.95404
8034,1,1,168.31538,34.269169
8035,1,0,929.1485,1972.0768
8036,1,0,2834.2292,236.85167
8037,1,1,291.60077,1110.4733
8038,0,0,743.07153,494.04166
8043,0,0,1788.5969,3026.9351
8045,1,1,62.304615,118.14833
8046,1,1,99.916924,40.977497
8048,0,0,124.61923,0
8049,1,1,1275.1377,930.57086
8050,0,0,137.35768,0
8051,1,1,87.605385,48.366669
8054,1,1,22.855453,135.22417
8055,0,0,359.90768,145.02834
8057,1,1,0,26.281668
8058,0,0,84.567696,94.285835
8059,0,0,3159.5354,730.39203
8060,1,1,428.66309,8.8424997
8061,1,1,12.336924,0
8064,1,1,285.72385,67.485001
8067,1,1,691.33539,106.24167
8068,1,1,0,20.3025
8070,0,0,612.44696,1687.5243
8071,1,0,0,12.391666
8072,1,0,69.338463,.33083335
8073,1,1,138.21001,170.18416
8074,1,1,186.54692,220.88333
8076,1,1,393.55847,103.02167
8077,1,0,81.880829,0
8079,1,0,43.104614,195.9375
8080,1,0,14.643846,104.73167
8081,1,0,72.279228,22.551666
8082,1,0,3901.7522,530.60834
8083,0,0,958.44171,0
8084,0,0,3507.1094,3421.0042
8086,1,0,43.729233,21.794167
8087,1,1,0,278.84915
8088,1,0,0,0
8089,0,0,220.05,1113.1
8090,1,1,1761.5382,1314.7983
8092,1,1,103.80846,1580.2842
8094,1,0,0,0
8097,1,1,1012.4154,915.29999
8099,1,1,511.83923,320.91751
8100,1,1,77.586922,440.255
8102,1,1,140.16539,27.458334
8104,0,0,1985.4308,765.04169
8107,1,0,95.232307,82.251663
8109,1,0,24.684616,85.745003
8110,1,1,337.87231,703.4425
8111,0,0,52.796154,312.63666
8113,1,0,2527.4199,355.01001
8114,1,0,885.56384,1252.2117
8115,1,0,1469.4746,810.41248
8116,1,1,782.53613,552.97998
8117,1,0,53.12846,95.505005
8119,0,0,359.27924,895.21997
8120,1,1,651.10156,624.63416
8121,1,0,1977.8246,2615.7207
8122,1,1,54.923077,50.037498
8123,0,0,225.50923,76.464165
8124,1,0,161.09386,741.97418
8126,1,0,535.00464,86.364998
8127,1,0,15.75077,40.659164
8128,1,1,472.19537,181.4375
8129,1,0,8.5100002,32.996666
8131,0,0,192.89615,391.49915
8132,1,1,342.56616,671.92499
8133,1,0,118.12,380.42749
8134,0,0,52.583847,0
8135,1,1,12.676923,21.440834
8137,1,1,37.647694,2.6375
8138,1,1,84.716156,29.372499
8139,0,0,221.66769,1329.7509
8141,1,1,246.19385,0
8142,1,1,0,0
8143,1,1,303.99463,198.00833
8145,1,0,0,0
8146,1,1,374.46802,445.82666
8147,1,0,1306.4893,1436.3016
8150,1,1,84.458458,65.691666
8152,1,1,208.21307,213.1525
8154,1,1,206.81693,64.224167
8155,0,0,250.02924,269.1875
8162,1,0,140.30461,189.08
8163,1,1,560.54999,395.06168
8164,1,1,465.37079,124.4275
8167,1,1,590.01306,414.68582
8168,1,0,622.15381,705.33002
8169,1,0,348.26923,481.17834
8170,1,0,752.87616,3047.0911
8172,1,0,462.83386,156.39917
8173,1,1,112.35077,58.850834
8174,1,0,233.16154,982.90747
8175,0,0,92.840767,219.6225
8177,1,1,155.01001,298.44751
8179,0,0,480.79617,561.28754
8180,1,0,33.196922,159.47501
8182,0,0,148.72462,1511.2059
8183,1,1,591.04926,762.49915
8184,1,0,145.79846,425.95999
8185,1,1,215.89923,408.26083
8186,1,1,602.00616,1571.2167
8187,1,0,0,0
8189,1,0,153.84076,135.72833
8190,0,0,68.439232,164.77333
8191,1,1,0,0
8192,1,0,190.22923,121.31083
8193,0,0,278.93692,32.528332
8194,1,0,331.32309,152.04166
8197,0,0,16.601538,50.115002
8199,1,0,110.59769,73.802498
8203,1,1,1503.7393,1267.7367
8204,0,0,363.78,196.26091
8205,1,1,541.75311,848.91748
8206,1,1,0,305.75833
8212,0,0,463.53668,1881.3383
8214,1,1,1836.903,824.46167
8215,1,1,475.57922,261.28333
8216,1,1,819.31,937.6308
8217,1,0,194.16,348.43918
8218,1,1,70.158463,178.57666
8219,1,0,47.364616,0
8220,1,0,56.952309,153.11749
8224,0,0,54.215828,224.15334
8225,0,0,0,0
8226,0,0,14.824615,20.57
8227,0,0,28.693335,16.4575
8229,1,0,0,0
8230,1,1,82.309235,194.21165
8231,0,0,0,13.286667
8232,0,0,322.98999,1887.0083
8233,1,1,620.12384,200.71167
8234,1,0,163.09923,199.77083
8235,0,0,871.87689,658.70337
8236,0,0,676.68768,235.06084
8237,1,1,310.31152,199.825
8241,1,1,236.49924,134.91083
8243,1,0,54.738461,62.924999
8244,0,0,10.437693,0
8245,1,0,18.505384,6.8541665
8246,1,0,947.53467,2.0833333
8247,1,1,112.52,134.13
8248,1,1,520.66229,332.44165
8249,1,0,52.976154,124.83417
8250,0,0,43.70385,12.6125
8251,1,0,620.19769,517.51752
8252,1,0,330.52463,221.58749
8254,1,0,94.35923,231.01834
8260,1,0,1011.1577,53.645832
8262,1,0,233.94769,327.99167
8265,1,1,64.696922,0
8267,1,0,0,533.42584
8268,1,0,70.801544,106.65334
8270,1,1,1461.6046,164.91251
8272,1,1,68.703079,186.25667
8273,0,0,214.42847,0
8274,1,0,0,123.3525
8275,1,1,156.49846,147.12917
8276,1,1,16.137691,644.54333
8277,0,0,588.73389,250.41333
8278,0,0,7.3584619,7.915833
8279,0,0,1059.9454,113.73583
8280,1,0,637.61542,4838.2051
8281,1,1,155.63077,93.51667
8282,0,0,194.79999,1672.9092
8283,1,1,173.83923,431.04749
8285,0,0,512.77582,4544.3389
8286,1,1,53.200001,29.905834
8287,1,1,830.34076,116.43583
8288,1,1,928.62921,406.65918
8289,1,1,44.62154,1483.0525
8290,1,0,199.85001,466.00916
8295,1,0,336.46463,742.07751
8297,1,1,554.14075,188.0475
8298,0,0,64.276924,292.22
8299,1,0,0,0
8300,0,0,0,0
8301,1,0,209.23386,324.12454
8302,0,0,1569.8285,1121.5026
8303,0,0,13.355385,136.85083
8304,1,1,49.836926,179.02167
8306,1,0,3.707,173.37416
8311,1,1,0,0
8312,1,1,0,358.02167
8313,1,1,84.314613,22.2425
8314,1,1,22.940769,45.156666
8315,1,0,0,55.27
8317,1,0,603.53076,732.33698
8318,1,1,278.51538,775.15997
8320,0,0,282.54999,2228.041
8321,0,0,0,56.625
8327,1,0,271.75232,408.995
8328,0,0,89.948463,318.0025
8329,1,0,96.033844,5.709167
8330,1,0,327.88385,203.89
8333,0,0,0,108.40583
8334,1,0,0,49.477501
8335,0,0,17.136154,37.0825
8336,1,0,1023.3062,294.07083
8337,1,1,291.17331,1731.8959
8338,1,1,24.804615,68.470001
8339,1,1,1103.2554,2098.5142
8340,1,1,.53714287,36.771667
8341,0,0,1.4330769,43.264168
8342,1,1,907.60693,946.64667
8344,0,0,568.27771,501.09668
8345,0,0,0,80.73333
8346,1,1,135.90768,479.24167
8347,1,0,0,179.93083
8348,1,0,0,39.217499
8351,0,0,79.812309,17.57
8352,1,0,216.49693,107.93333
8354,1,1,38.489231,28.522501
8355,1,0,1502.7715,3059.78
8356,0,0,1373.4122,1890.7742
8357,0,0,114.8123,745.44086
8358,1,1,602.39539,450.07666
8361,1,1,121.83231,1422.9274
8362,1,0,7506.2744,509.43582
8364,0,0,428.82385,459.79501
8365,0,0,0,34.470001
8366,1,1,0,56.344166
8368,0,0,112.09,521.97504
8369,1,1,671.95154,1250.7317
8370,0,0,77.20385,144.80251
8371,1,1,168.69923,140.07916
8372,1,0,47.093845,23.964167
8373,1,0,351.97537,487.49503
8374,1,1,299.81,36.215832
8375,1,0,0,0
8377,1,1,1201.8208,1699.3099
8379,1,1,169.31384,133.83749
8380,0,0,596.04999,400.49167
8381,1,1,44.220768,0
8384,1,0,2702.7578,947.06415
8386,0,0,68.839233,1612.9442
8388,0,0,177.69461,409.17914
8389,0,0,597.55304,403.93002
8391,1,1,633.94617,938.69165
8392,1,0,118.33,302.88666
8393,1,1,200.99693,28.593332
8394,1,0,595.05847,558.26581
8395,1,1,12.92,852.58087
8396,1,0,1646.8677,1836.6775
8397,1,1,106.96616,90.205833
8399,1,1,113.16615,580.46582
8400,1,1,171.3223,281.65167
8401,0,0,588.90692,753.60504
8402,1,1,106.21154,734.17328
8404,1,1,168.56847,688.82251
8405,0,0,941.44458,645.07336
8410,0,0,419.08078,501.58835
8412,1,1,10.194615,188.90501
8413,1,1,801.9823,905.37
8415,1,1,884.12769,1072.8583
8417,1,0,115.56615,191.83167
8418,1,1,163.46231,34.445
8420,1,0,0,0
8422,0,0,0,0
8423,0,0,47.941536,52.391666
8424,1,0,140.86076,217.77417
8426,0,0,330.99847,883.76752
8428,0,0,626.05231,475.97916
8429,1,1,19.650768,7.8841667
8430,1,0,4527.7393,1072.2559
8432,1,0,0,60.6525
8433,1,1,211.54616,157.74832
8434,1,1,79.613075,100.24083
8436,1,1,1926.6531,3468.1758
8438,0,0,13.654616,0
8439,0,0,645.29462,839.74335
8440,1,0,237.72844,621.60919
8441,0,0,389.5,446.03751
8442,1,1,.16923077,136.64
8443,1,1,251.395,510.97083
8446,1,1,1708.4877,154.17834
8447,0,0,761.99615,236.97084
8448,1,1,718.35461,336.06583
8449,1,0,166.2946,176.99167
8450,0,0,30.414616,23.685835
8451,1,0,23.491539,1844.1417
8453,1,1,90.114616,281.5625
8455,1,1,535.78772,429.86667
8456,1,1,68.267502,1037.1233
8457,1,0,86.419228,29.136667
8458,0,0,261.02078,50.801666
8461,1,1,32.608459,0
8462,1,0,178.98923,212.77167
8463,1,1,2529.9731,3621.0234
8464,1,1,77.146919,75.7575
8466,1,1,65.287697,121.7725
8470,0,0,50.374287,90.635834
8471,1,1,431.74924,418.7525
8472,0,0,73.21077,249.83167
8473,1,0,2368.5562,3509.4189
8474,1,1,1228.5115,1563.1309
8475,1,1,0,41.467503
8476,1,0,264.02692,549.00909
8477,1,1,18.487692,290.54752
8479,1,0,0,418.28
8481,0,0,379.65768,117.63917
8482,0,0,1848.7684,808.23499
8483,1,1,387.18307,196.42416
8484,0,0,525.97772,273.26834
8485,0,0,.50076926,77.817505
8486,1,1,454.01923,825.20001
8488,1,0,0,0
8489,0,0,21.500769,172.29584
8490,0,0,15.345385,35.189999
8491,0,0,586.33618,1391.2292
8492,1,0,942.68463,1226.6384
8493,0,0,40.207691,18.209167
8496,0,0,37.588463,0
8497,1,0,198.28462,114.30251
8498,1,1,40.880001,204.55833
8501,1,1,323.97308,77.384163
8503,1,0,7697.5161,8278.8564
8504,1,1,716.09235,337.74081
8506,1,0,0,0
8508,1,0,19.178463,53.769997
8509,1,1,7.2761536,85.955833
8510,1,1,273.14386,384.3775
8514,0,0,101.72308,125.91167
8515,1,0,0,57.84
8522,0,0,71.74231,84
8523,1,1,934.18073,1075.0958
8524,1,1,37.020767,48.956665
8525,1,0,222.84846,256.87918
8529,0,0,408.45078,105.5675
8531,0,0,47.16,397.80167
8535,0,0,124.14153,573.51331
8536,0,0,33.562309,1916.6593
8539,1,0,1493.4331,2489.1558
8540,0,0,294.57767,526.46167
8543,1,1,28.052309,363.91666
8544,1,1,25.209999,165.49083
8547,1,0,420.21692,3440.7605
8549,1,1,165.88077,0
8550,1,1,901.33923,2202.7673
8552,0,0,252.65616,0
8553,0,0,740.97308,1528.4808
8554,0,0,169.15846,169.40167
8555,1,1,490.84003,962.91089
8556,1,1,60.69923,105.6875
8557,1,0,489.27924,319.42499
8558,0,0,16.590771,14.140834
8560,1,0,99.409996,612.77002
8561,0,0,760.52771,189.48083
8562,0,0,158.29384,187.73833
8563,1,1,16.047691,40.839169
8564,0,0,649.63538,253.75751
8569,0,0,75.497688,59.250004
8570,1,1,209.47539,127.22
8572,1,0,777.31,923.11749
8573,1,0,105.08616,293.74417
8574,1,1,559.9577,671.32166
8575,1,0,8.2230768,22.578333
8576,1,1,11.386364,0
8577,1,1,0,68.127502
8578,1,1,36.098461,242.1125
8580,1,1,679.07465,525.54999
8583,1,1,13.358461,0
8584,0,0,0,0
8585,1,1,947.88232,518.17999
8586,1,0,245.14539,1685.7458
8587,0,0,257.94998,1628.5782
8590,1,1,99.247696,266.5025
8591,1,0,9.8884621,281.17416
8593,1,1,587.89075,462.82166
8595,1,1,806.10461,1063.035
8597,1,0,1270.9523,13.875833
8599,1,1,85.550003,503.3782
8600,1,0,896.95154,493.10583
8602,1,0,236.98615,1123.9299
8604,1,0,62.913845,55.731667
8605,0,0,863.91156,1771.405
8607,1,1,807.64233,154.77333
8608,0,0,94.559998,157.45917
8610,1,0,409.85001,297.99167
8611,1,1,0,48.131668
8613,1,1,879.88074,119.60833
8614,0,0,718.60919,740.04083
8615,0,0,292.52383,734.12079
8616,1,0,294.93616,931.45001
8617,0,0,44.356922,283.35498
8618,0,0,212.29692,632.11334
8621,1,1,67.163078,86.239166
8622,0,0,398.34,333.09125
8623,0,0,336.22156,66.794167
8625,0,0,90.002312,279.43918
8626,1,0,361.38846,304.52249
8627,1,0,1118.5853,269.69415
8629,0,0,0,0
8632,0,0,34.497692,1792.0367
8633,0,0,1686.6738,653.21497
8635,1,1,86.11692,151.9425
8636,1,1,134.43538,192.47499
8638,1,1,1476.3123,54.68
8640,0,0,686.53925,1088.5459
8642,0,0,0,0
8644,1,1,1895.3469,517.59918
8645,0,0,415.10541,196.47333
8647,1,1,4.5500002,1201.226
8648,1,1,22.424,61.327499
8649,0,0,154.21078,67.379997
8650,0,0,0,0
8651,0,0,155.25923,120.215
8652,1,1,909.9054,858.33002
8653,0,0,396.86694,35.774998
8654,0,0,7.5753851,0
8655,1,1,490.73691,1138.1417
8658,1,1,24.453846,58.9575
8659,1,0,2404.4976,859.25165
8662,0,0,394.79385,313.97668
8664,0,0,80.050003,136.44833
8665,1,0,303.02844,181.36
8666,1,1,10.536922,14.185
8667,0,0,676.09613,543.59833
8668,1,1,429.59616,309.06168
8669,0,0,346.38922,411.39249
8670,1,1,220.42308,34.798336
8672,0,0,114.51077,47.648331
8674,1,1,235.4223,444.08749
8675,0,0,0,25.875834
8677,0,0,100.66538,253.35249
8678,0,0,2361.3762,1806.39
8681,1,0,94.928001,813.70331
8682,1,0,0,33.021667
8683,1,0,0,19.104166
8686,0,0,12.086154,234.73001
8687,1,0,244.89691,738.87085
8688,1,1,38.899231,164.59
8690,0,0,1652.6783,178.39166
8692,1,1,157.11385,105.12833
8693,0,0,80.129997,756.45001
8695,1,1,305.99536,166.58917
8696,0,0,632.37152,2343.1968
8698,1,1,127.30363,165.34
8699,0,0,162.70538,213.27667
8702,1,0,169.0123,112.5775
8704,0,0,8474.2158,4606.9478
8705,1,1,43.027691,0
8706,1,0,53.89846,219.68333
8707,1,1,105.84538,235.24582
8708,0,0,0,369.76001
8710,1,0,726.24768,419.95752
8711,1,1,70.159233,144.51001
8712,1,1,6.5491662,0
8713,0,0,739.73462,113.4375
8714,0,0,540.63538,588.17914
8715,1,1,51.784615,157.38333
8716,0,0,145.07846,59.022499
8717,1,0,24.553076,48.245834
8718,1,0,11.282308,0
8719,1,1,0,1013.3083
8722,0,0,1199.1146,375.26166
8727,1,1,511.97845,586.2525
8729,1,0,690.80231,1277.4084
8730,1,1,52.303078,423.64584
8731,1,0,382.8577,420.71918
8733,1,1,574.18536,1546.38
8734,1,0,189.86,0
8735,1,1,100.61385,52.895836
8736,0,0,4.7438459,94.260002
8737,1,1,140.16077,371.42917
8739,1,1,94.529228,59.059166
8740,1,0,5449.9111,6509.6523
8741,1,1,197.70769,20.761667
8742,1,1,462.29691,866.32751
8743,1,0,83.730766,185.38583
8744,1,1,0,0
8747,1,1,848.35461,2588.4949
8749,0,0,955.93616,185.53583
8750,0,0,119.25077,126.55583
8751,1,1,19.954615,388.54913
8755,0,0,248.88,855.07916
8758,1,0,144.39076,118.10333
8759,1,0,240.22769,0
8760,1,1,2210.1592,73.96833
8761,1,1,1936.3262,6650.832
8762,1,0,293.05923,1171.2225
8763,0,0,193.28232,77.285835
8765,1,0,78.437691,1462.325
8766,0,0,428.53925,1457.9066
8767,0,0,151.78539,0
8769,0,0,415.21384,156.45833
8770,1,0,540.50232,1195.8109
8771,0,0,790.85773,210.26166
8776,1,0,201.32384,596.84998
8778,1,1,521.8623,1507.2758
8779,1,0,353.57309,203.25833
8782,1,0,1151.39,897.36249
8783,0,0,1208.6392,837.1167
8784,1,1,0,407.40417
8785,1,1,78.021538,127.25167
8787,1,1,0,16.467501
8788,1,1,38.304615,79.804169
8789,0,0,0,3.3333333
8791,0,0,324.57538,149.34334
8800,0,0,356.29309,315.69
8802,1,0,135.28847,52.7075
8803,1,1,565.55231,238.97665
8805,1,1,264.96384,2675.1057
8806,1,1,17.583076,400.07834
8807,1,1,0,143.62167
8809,1,0,0,628.59253
8811,1,1,1278.95,381.05832
8812,1,1,144.73538,108.76917
8813,0,0,9883.3516,1043.7158
8814,0,0,749.14386,381.26251
8815,1,1,1587.0084,0
8816,0,0,343.24155,41.524166
8818,1,1,971.32843,1910.0466
8819,1,1,369.2677,495.60666
8820,0,0,122.11769,43.041664
8822,0,0,0,0
8823,1,0,121.56615,462.715
8824,1,1,225.88307,438.5575
8825,0,0,213.6877,158.8125
8826,0,0,0,0
8827,1,1,225.26231,1605.3167
8828,1,0,378.59384,358.37665
8830,0,0,784.90466,194.00665
8831,0,0,11.075385,1414.0975
8832,0,0,160.8223,220.37416
8833,1,1,136.57307,1025.075
8834,0,0,964.35535,923.52905
8835,0,0,245.37999,135.54083
8837,1,0,1.0184615,13.969167
8838,1,0,258.72461,443.76334
8839,1,1,57.982311,126.855
8840,1,1,327.45999,496.72168
8842,1,1,0,19.879999
8843,0,0,0,0
8845,1,1,0,70.245834
8846,0,0,26.236921,69.860001
8850,1,0,0,17.168333
8851,1,1,421.35153,1079.4158
8853,1,1,19.714167,21.561666
8855,1,0,75.103844,415.24332
8856,1,1,120.68,0
8857,0,0,770.31152,662.23999
8859,1,0,0,0
8860,1,0,93.190773,205.35501
8861,0,0,6.1253843,242.21667
8862,0,0,.52461541,0
8863,0,0,1187.0676,72.765999
8864,1,0,633.39154,392.065
8865,1,0,196.58693,0
8867,0,0,317.10999,684.51837
8870,1,0,36.974617,22.7675
8871,1,1,940.21307,901.99084
8872,1,1,29.105385,61.349998
8873,1,1,604.6723,268.57501
8874,0,0,172.92693,166.8125
8876,0,0,73.915382,104.29834
8877,1,1,145.26616,123.5
8878,1,1,0,82.398331
8879,1,0,3309.1279,999.22418
8881,0,0,1562.5493,0
8882,1,0,71.14077,29.362501
8883,1,1,133.28615,310.71085
8884,1,1,155.07692,368.25916
8885,0,0,242.07231,240.655
8886,0,0,182.84251,31.244167
8887,1,1,1394.1261,1589.025
8888,0,0,0,77.317505
8890,1,0,140.47769,276.7775
8891,0,0,9609.0371,9304.7744
8893,0,0,2884.9016,915.3208
8894,1,1,0,0
8896,1,0,246.11308,1088.7908
8898,1,0,.29692307,223.88251
8899,1,1,119.92077,3160.4517
8901,1,1,137.99001,60.077499
8906,0,0,306.16156,81.497505
8907,0,0,175.63615,2083.8975
8908,1,0,0,0
8910,1,1,215.42769,23.532501
8911,0,0,27.103848,599.41333
8912,1,1,98.375381,147.40167
8916,1,1,802.20306,857.97742
8918,1,1,2.086,0
8921,1,0,171.01385,1341.7208
8923,1,0,42.303848,39.873333
8924,1,1,31.595715,179.0325
8927,1,1,3095.0515,368.56583
8928,1,1,177.83769,1061.5442
8930,0,0,32.527695,99.014999
8932,1,0,.31333333,16.714167
8933,0,0,46.626923,633.98914
8936,1,1,57.622307,595.32666
8937,1,1,78.785385,138.2475
8938,0,0,5460.3418,313.84918
8939,0,0,236.19154,105.17916
8941,0,0,126.40385,420.17917
8942,1,0,1099.1638,0
8943,1,1,127.42923,127.44667
8944,0,0,474.27692,515.74664
8947,1,0,16707.977,12901.963
8948,1,0,13.156154,21.745001
8950,1,1,66.496925,425.12665
8951,1,1,307.54926,0
8953,0,0,135.1223,35.274998
8954,0,0,73.438461,1497.4442
8955,0,0,78.814621,14.68
8956,1,1,152.6877,80.195
8958,1,0,1100.9655,1805.0917
8960,1,0,153.90077,224.16167
8961,1,1,186.83691,72.91333
8962,0,0,108.92077,113.17
8963,1,1,0,1349.5225
8966,0,0,6.8584614,0
8968,0,0,231.76076,189.60251
8969,1,1,246.31769,279.64334
8970,0,0,360.42999,2048.5908
8971,1,1,138.31693,147.76917
8972,1,0,29.096922,70.836662
8975,1,1,660.69232,439.95499
8976,0,0,396.72769,1495.89
8978,1,1,85.083076,0
8981,1,1,257.57999,209.94833
8982,0,0,254.18153,140.8775
8983,1,1,0,37.9025
8984,1,1,0,50.740002
8985,0,0,0,18.980833
8986,0,0,846.53247,3394.5325
8987,0,0,105.10769,124.61083
8988,1,1,33.574615,64.373337
8990,1,1,2037.5723,869.14001
8991,1,1,.56153846,0
8992,1,0,6.6730771,0
8994,1,1,29.834614,167.29599
8995,0,0,140.94231,2309.5708
8997,1,1,961.98926,995.26331
8998,1,1,326.00153,0
8999,1,1,1244.2747,657.56586
9001,1,0,0,0
9005,1,1,14.348461,300.71915
9007,1,1,21.834616,0
9009,0,0,38.532307,8.9608335
9011,1,0,764.27771,189.795
9013,1,0,269.69333,1204.6058
9014,1,0,20.60154,15.255
9015,1,1,445.83539,601.97253
9017,1,1,400.04846,68.96167
9018,1,0,0,0
9020,1,0,0,16.01
9021,0,0,0,17.484999
9022,0,0,651.95844,340.13165
9023,1,0,161.07231,147.96333
9025,1,0,1538.2169,499.85083
9026,1,1,194.70616,209.19583
9030,1,1,196.93768,342.48334
9031,0,0,494.66846,463.70667
9032,0,0,36.238461,33.7425
9033,1,1,146.53923,113.94333
9034,1,1,893.52692,65.679169
9037,1,0,366.40076,610.44501
9039,0,0,604.33075,127.81
9040,1,1,0,20
9041,1,1,301.35461,79.675835
9042,0,0,95.084618,263.76001
9043,1,1,0,125.695
9045,1,1,2760.5315,1449.59
9048,0,0,2018.8739,6062.8159
9049,0,0,24.696154,207.36749
9050,0,0,53.923847,34.943333
9053,0,0,80.050003,551.11499
9054,1,0,345.99155,406.72501
9056,0,0,811.17078,317.1225
9058,0,0,348.23001,136.44749
9061,0,0,328.90848,120.6175
9062,1,1,39.122311,35.77
9064,0,0,1053.8947,731.21497
9065,0,0,4408.4385,276.33728
9068,1,1,408.15231,481.02084
9069,1,0,52.325386,792.91998
9070,1,1,0,0
9071,1,1,38.874615,89.772499
9072,0,0,0,16
9074,0,0,0,1326.9667
9075,1,0,563.82465,493.83249
9076,1,1,34.226925,63.355835
9078,1,1,984.91388,431.92831
9081,1,1,421.74463,337.75748
9082,1,0,131.57616,213.355
9083,1,0,114.53,7.5516667
9087,0,0,585.91687,128.57001
9088,1,1,134.62538,974.29834
9089,0,0,7.4946156,27.461668
9090,1,1,371.12,157.88
9092,1,1,572.29614,955.57587
9093,1,1,468.1123,707.77081
9095,1,0,20.67,83.659164
9096,1,0,32.866154,165.78999
9097,1,0,1.9230769,190.84334
9100,1,1,252.17462,94.294998
9101,1,1,6.867692,0
9103,1,1,476.78384,245.21167
9104,1,1,99.60923,100.92636
9105,0,0,166.43153,0
9109,1,1,45.083076,117.39667
9110,1,1,69.419998,68.611664
9112,1,1,0,0
9114,0,0,132.04692,150.88333
9116,1,1,1307.1846,2523.1301
9117,0,0,2370.6316,5050.7085
9119,0,0,2493.2439,1240.0266
9120,1,1,3017.5669,2727.0481
9121,0,0,489.11771,546.94086
9123,1,1,247.04538,404.73834
9124,1,1,1188.5293,353.02417
9125,1,1,12.003845,7.1675
9126,0,0,10.74923,297.875
9127,1,1,1831.0286,495.17749
9128,1,1,38.84,351.54916
9129,0,0,214.28308,250.3925
9130,1,0,0,29.369167
9132,0,0,576.92926,348.57001
9133,1,1,100.57846,329.30167
9134,1,0,41.978458,100.335
9135,1,0,23.833076,37.288334
9137,1,0,1117.38,872.82587
9140,1,0,2418.6653,196.68715
9141,0,0,18.499231,255.2175
9144,0,0,387.52692,559.71832
9145,1,1,14.223845,64.376671
9146,1,0,256.52539,94.374168
9148,1,0,77.592308,194.55917
9151,0,0,75.488464,193.25166
9153,0,0,1201.0184,56.204166
9156,1,0,384.94846,932.1142
9159,1,0,3.0338461,38.864166
9160,0,0,252.46385,144.875
9161,1,1,62.751541,5.7142859
9162,0,0,144.07846,166.99583
9163,1,1,0,80.651665
9165,1,1,198.38231,1179.1133
9167,1,0,15.413847,59.664165
9169,1,1,740.27155,14023.03
9171,1,1,61.836922,210.60583
9173,1,1,423.41074,0
9174,0,0,43.822308,21.181665
9175,1,1,83.329231,78.78833
9176,0,0,852.39612,991.29248
9177,1,0,319.59537,10048.668
9179,1,1,217.05,81.950005
9180,1,0,494.06693,1496.9833
9183,1,0,67.748466,41.834167
9186,1,0,50.612309,39.945557
9188,1,1,1442.6747,28.195833
9191,1,0,429.71771,342.05667
9194,1,0,535.62921,846.39581
9196,1,0,258.41153,50.926666
9199,1,0,19.762306,45.460835
9200,1,0,1809.6976,240.41667
9203,0,0,0,1.9866668
9204,0,0,644.40076,3631.2083
9205,1,0,106.91154,992.04584
9206,0,0,59.189999,47.980003
9208,1,1,68.103081,43.869167
9211,1,1,1044.8016,15.798333
9212,1,1,340.66385,539.64252
9214,0,0,516.75,645.15582
9219,1,0,0,75.089165
9220,0,0,50.21769,249.89801
9221,1,1,633.24536,170.905
9222,1,1,6.9846153,426.75583
9226,1,1,10.783077,125.31667
9228,0,0,11.232307,16.698334
9236,1,0,251.51001,3940.041
9237,1,1,215.29692,381.28918
9238,1,1,5854.604,3851.4185
9242,1,1,116.32693,227.09332
9243,0,0,3283.3269,6118.7119
9244,0,0,109.72308,148.51416
9245,0,0,788.39307,12.12
9246,0,0,87.812309,124.1425
9248,1,0,35.005383,8
9250,0,0,533.39307,569.76166
9251,1,0,0,39.190834
9255,1,0,45.119999,254.30417
9256,1,0,227.60539,1273.0358
9257,1,1,55.520771,91.748329
9259,1,1,2161.74,243.57999
9260,1,1,0,0
9263,1,1,0,0
9264,1,1,412.82385,154.54832
9265,0,0,158.17923,278.89667
9266,1,1,161.83537,203.35667
9267,0,0,1344.2985,2774.7783
9270,1,0,84.25769,99.148338
9271,0,0,654.58075,947.66083
9272,1,0,0,0
9275,1,1,46.177692,40.129997
9276,0,0,114.62846,84.061661
9277,0,0,314.95462,259.80164
9278,0,0,295.72308,1468.5651
9279,1,1,.55846155,1737.2526
9282,1,1,971.6969,333.41083
9284,1,0,10.15,69.853333
9285,0,0,5692.689,3963.6809
9286,1,0,26.246922,0
9291,1,0,807.82153,361.32834
9292,1,0,372.59076,844.01251
9293,1,0,380.52615,1309.0016
9294,0,0,159.18385,65.845001
9295,0,0,525.9292,1338.5209
9296,0,0,98.191536,283.2475
9297,0,0,461.98999,114.1475
9298,1,1,300.48306,275.17584
9300,0,0,736.5,190.94249
9303,1,1,147.89999,183.20667
9304,1,1,110.75846,96.060829
9306,1,1,855.1131,151.22501
9307,1,0,116.91384,147.43668
9308,1,0,149.15692,90.978333
9309,1,0,460.54462,13.328333
9311,1,1,200.13693,340.1825
9313,0,0,30.032309,35.544167
9314,1,1,20.849998,69.60363
9315,0,0,77.479233,7.8933334
9316,0,0,57.300766,11.324166
9318,1,1,2022.066,450.33917
9319,0,0,6399.8716,7742.8384
9320,1,0,15.384615,0
9321,0,0,648.36536,2427.3743
9323,0,0,265.60001,266.45917
9324,0,0,1249.5123,417.01251
9325,0,0,608.43231,477.24918
9326,1,1,582.09229,273.59665
9327,1,1,20.003637,68.76667
9329,1,0,1193.1976,119.08833
9331,1,1,758.66461,906.82837
9332,0,0,77.613075,45.93
9333,0,0,1355.8231,441.67084
9334,0,0,789.13849,520.13416
9335,0,0,1041.9008,1020.8733
9336,1,0,314.76694,1483.9209
9337,1,1,28.784616,0
9340,0,0,109.68462,882.57916
9341,0,0,401.14771,2737.4299
9342,0,0,445.33151,181.34666
9343,1,1,43.360771,151.45416
9344,1,1,385.10849,0
9347,1,0,6.1261539,7.3958335
9348,0,0,324.34,265.55417
9349,1,1,25.77,1252.7809
9350,1,1,0,65.925003
9351,0,0,6.4992313,19.699167
9352,0,0,35.347691,58.973335
9357,1,1,760.36151,1071.6542
9358,0,0,119.88364,73.151665
9359,0,0,456.38385,125.30917
9360,1,1,246.20847,18.148333
9362,0,0,436.77615,444.02664
9363,1,1,332.64499,472.24664
9365,0,0,97.28231,284.41669
9366,0,0,142.79692,90.462502
9368,1,1,820.16693,959.18921
9369,0,0,0,46.163334
9370,1,1,25.734615,56.369999
9371,1,0,999.46997,136.09583
9372,1,0,9.3623075,0
9373,1,1,124,507.27249
9374,1,0,35.319233,1437.2563
9376,0,0,95.223076,196.5925
9377,1,0,53.893074,391.32834
9378,1,0,185.07616,180.81168
9379,1,0,70.491539,0
9380,0,0,130.40817,67.032501
9381,1,1,85.878464,123.9025
9382,0,0,51.720001,21.245001
9387,0,0,3.4569232,85.816673
9388,0,0,100.36923,637.95166
9390,1,1,39.638462,0
9391,0,0,92.126152,5558.501
9392,0,0,6.9646153,59.119167
9395,1,0,1356.5347,860.10419
9396,0,0,873.32074,1699.2642
9397,0,0,634.26538,534.94818
9400,1,0,375.38922,177.04166
9402,1,1,908.59692,14.749166
9403,1,1,146.8577,68.93
9404,1,0,261.81461,215.70917
9407,1,1,319.49692,443.19168
9409,1,0,40.138462,128.99001
9410,1,0,376.65924,1274.7008
9411,1,0,226.73923,33.604168
9412,0,0,218.08539,109.8225
9413,1,0,524.94849,15.848333
9415,1,1,490.25616,514.565
9417,0,0,538.26843,75.895836
9418,1,0,3.3392308,0
9419,0,0,0,23.772499
9420,1,1,214.21231,3.1266668
9422,1,0,4736.4424,7636.1338
9423,0,0,62.252728,77.043335
9424,1,1,353.42615,328.09918
9425,1,1,51.217693,20.604166
9429,1,1,0,30.012501
9430,0,0,493.30231,669.15167
9431,0,0,66.632309,87.890831
9432,1,1,1358.4215,1086.0059
9433,0,0,280.81308,6946.249
9434,1,1,90.529228,2266.2817
9435,0,0,0,133.32832
9437,1,1,268.78,410.66751
9440,0,0,0,0
9441,1,0,398.49615,95.758339
9442,1,1,113.49384,405.60165
9443,1,0,280.49075,65.46727
9446,1,0,20.209999,8.2616663
9447,0,0,0,0
9448,1,1,1801.3816,1492.0042
9449,1,1,72.896149,509.10834
9450,1,1,32.213078,150.10251
9452,0,0,0,133.39166
9454,0,0,298.79614,473.64166
9458,1,1,0,0
9460,1,1,160.23077,226.09
9461,0,0,499.5946,159.88583
9462,1,1,3.7084615,19.704166
9463,1,1,229.96461,586.48169
9464,0,0,494.91153,1229.58
9465,1,1,348.38538,745.03583
9466,1,1,107.75001,121.23819
9467,1,1,1.9230769,3.2608335
9469,1,1,0,972.84412
9470,1,1,259.66309,259.19916
9473,0,0,302.05231,397.96582
9474,1,1,57.076153,875.83752
9475,0,0,2240.2056,70.945831
9477,1,0,60.99231,123.25833
9479,1,0,0,0
9480,0,0,0,10.915
9481,1,1,0,36.939167
9482,0,0,292.69461,567.64252
9483,1,0,226.62166,78.901665
9485,0,0,48.736153,179.10001
9486,0,0,27.938463,175.28751
9487,1,1,339.19385,340.68582
9489,1,0,803.88385,606.27582
9490,1,0,92.731667,2.1491668
9491,1,1,48.745384,245.27249
9494,0,0,176.73384,510.88333
9498,1,1,96.544617,71.893341
9499,1,1,485.34769,426.40665
9500,1,1,732.52002,853.40582
9501,0,0,347.96384,337.42749
9502,0,0,588.56689,634.46082
9503,0,0,236.25923,86.677505
9504,0,0,102.17308,162.6075
9505,1,0,6.3476925,0
9506,0,0,93.144997,115.43917
9507,1,1,255.21307,467.1225
9510,1,0,59.504616,12.973333
9511,1,1,0,15.391001
9513,1,0,37.736153,79.018333
9515,1,1,126.25666,205.87917
9516,1,0,313.42847,12.735833
9518,0,0,276.69,1667.231
9519,1,0,157.29308,67.895836
9520,0,0,308.23999,223.315
9522,0,0,349.71384,413.87167
9524,1,0,129.48846,100.87334
9526,1,0,7.0476918,0
9527,1,1,771.86151,1188.3234
9529,0,0,329.83075,691.88745
9530,0,0,0,141.46167
9531,1,1,88.00692,118.71333
9532,1,1,7.0149999,171.66417
9533,1,1,2450.1099,2410.0166
9534,1,0,0,71.568336
9535,1,1,334.98154,296.14917
9538,0,0,27.38846,0
9539,0,0,41.982307,60.977501
9540,1,0,937.8277,664.45752
9541,1,1,73.173073,136.21416
9542,1,1,32.748459,223.86249
9543,0,0,0,3995.1655
9546,0,0,170.59384,255.01334
9547,1,1,1076.9354,1174.7925
9548,1,0,332.85693,351.01001
9550,0,0,428.59692,558.03503
9552,1,1,114.87615,301.965
9554,0,0,230.78693,133.12416
9555,1,1,351.36923,213.78917
9558,1,0,1525.7123,860.27417
9560,1,0,0,16.633333
9561,1,1,1.8023077,60.5975
9562,0,0,60.424618,66.058334
9563,1,1,22.172501,0
9564,0,0,108.31667,37.93
9567,1,1,292.03461,132.52333
9568,0,0,76.923073,762.12921
9570,0,0,5.2938461,66.264999
9571,1,1,393.80847,1054.6333
9572,0,0,0,0
9574,1,1,1898.4032,4625.9336
9576,1,0,419.12616,489.89917
9577,1,1,20.178463,80.443329
9581,1,1,347.50153,340.42749
9583,0,0,3.3192308,0
9584,1,1,1200.4193,184.80667
9585,1,1,0,68.279167
9587,0,0,161.30154,40.294998
9589,1,1,289.85382,361.38333
9590,0,0,0,0
9591,1,1,559.17462,411.94501
9592,0,0,56.063076,131.48834
9593,0,0,1489.4531,262.25833
9594,1,1,155.28539,273.24835
9595,1,1,0,361.73499
9596,1,0,32.688461,303.32169
9597,1,1,462.70844,449.80331
9599,1,1,53.060001,37.796669
9601,1,1,382.8931,376.54749
9602,1,0,0,2.0833333
9603,1,0,0,0
9604,0,0,632.76233,272.25916
9606,1,1,0,406.77417
9607,1,1,421.95462,230.64417
9608,1,1,105.88385,146.785
9609,1,1,1045.2593,264.98001
9611,0,0,2132.9985,258.07666
9612,0,0,236.43616,126.5725
9613,1,0,1539.4431,909.53754
9615,0,0,1150.127,1461
9616,0,0,488.08615,739.22168
9619,1,0,143.27463,34.532501
9620,1,1,0,342.17584
9622,1,1,5691.2852,3335.1692
9623,1,0,0,170.97166
9626,1,0,183.96231,365.63333
9627,0,0,2329.9377,97.134171
9628,0,0,72.056923,7.7858334
9629,0,0,169.19923,239.71999
9632,1,1,158.66693,162.31332
9633,1,1,671.98462,147.00751
9636,1,0,166.49461,149.8625
9638,1,1,975.65387,78.972496
9639,1,1,0,48.092503
9640,0,0,455.73001,2453.9265
9641,1,0,31.550001,0
9643,1,1,94.96846,214.96666
9644,1,1,1168.8162,289.07416
9646,0,0,81.569229,101.4225
9648,1,1,185.45384,56.695
9650,1,1,6.1253843,0
9652,0,0,0,169.88417
9654,0,0,118.42,88.887505
9656,1,1,0,0
9661,0,0,151.75385,183.49834
9662,1,0,205.66,393.78918
9664,1,1,122.39923,611.18164
9665,1,1,362.0477,174.33084
9666,1,0,245.21231,366.79916
9667,1,0,339.74155,1496.4235
9668,0,0,0,631.78998
